RNCP1002;9497
RNCP1006/RNCP37239;8500
RNCP1007;8871
RNCP1008/RNCP37312;5073
RNCP10119/RNCP36330/RNCP39917;9315
RNCP1012/RNCP37384;8303
RNCP1013;9818
RNCP1019/RNCP38191;7560
RNCP10193/RNCP39901;9316
RNCP10194/RNCP39900;8500
RNCP10220/RNCP36551;11000
RNCP1029/RNCP37561;10500
RNCP10304/RNCP38308;7298
RNCP1033/RNCP38883;8540
RNCP1066/RNCP37197;15590
RNCP1068;8703
RNCP1078/RNCP37706/RNCP38576;11890
RNCP1083/RNCP36966;8466
RNCP1084/RNCP38360;7271
RNCP1085;8729
RNCP1088;7363
RNCP1097;8593
RNCP10980;8000
RNCP1109/RNCP37199;9000
RNCP11091/RNCP39143;8960
RNCP1120/RNCP38302;10200
RNCP1122/RNCP39801;7200
RNCP1132;6050
RNCP1133;7541
RNCP1135/RNCP39521;9047
RNCP1136;8000
RNCP11362/RNCP38407;12000
RNCP1140/RNCP37234;6075
RNCP1141/RNCP37892;7091
RNCP11432/RNCP38406;12000
RNCP1145/RNCP37240;7044
RNCP1146/RNCP37241;7831
RNCP11479/RNCP39445;11160
RNCP1150;8581
RNCP11500/RNCP38528;11794
RNCP11532;12000
RNCP11553/RNCP36986;7556
RNCP11651/RNCP36931;7500
RNCP1167/RNCP38432;8979
RNCP1171;8761
RNCP1172;9818
RNCP1173/RNCP38402;5250
RNCP1174/RNCP38381;8517
RNCP1176/RNCP37899;7904
RNCP1177;6285
RNCP11786;9000
RNCP1185;10892
RNCP1186;10350
RNCP11883/RNCP38328;9516
RNCP11913;6601
RNCP11926;7813
RNCP11934/RNCP37911;7650
RNCP11936/RNCP38444;7968
RNCP12049/RNCP36695;8179
RNCP12061/RNCP36617/RNCP39858;6030
RNCP12067/RNCP36459;9017
RNCP12113/RNCP37232;7680
RNCP12114/RNCP38422;11700
RNCP1212/RNCP37123;6927
RNCP12231;9217
RNCP12281/RNCP38231;5681
RNCP12290/RNCP37906/RNCP38571;7898
RNCP12378/RNCP36630/RNCP37836;7065
RNCP12470;9237
RNCP12508/RNCP37910;8829
RNCP1251;9113
RNCP1267/RNCP37943;10161
RNCP12732/RNCP38233;8574
RNCP12735;10895
RNCP12737;8333
RNCP12738;9267
RNCP12740;11160
RNCP12741/RNCP38959;9000
RNCP12766;10091
RNCP12796;9000
RNCP12802/RNCP37909;9079
RNCP12811/RNCP36085;11830
RNCP12815/RNCP37612;7805
RNCP12842/RNCP37245;7191
RNCP12843/RNCP37246;8000
RNCP12854;7650
RNCP12858;8290
RNCP12909/RNCP36955;8352
RNCP13002;7700
RNCP13006/RNCP36145;6932
RNCP13040;9568
RNCP13081/RNCP37635;8911
RNCP13090/RNCP36642/RNCP39120;14162
RNCP13128/RNCP37298;10030
RNCP13132/RNCP37433;12000
RNCP13134/RNCP37541;8836
RNCP13139/RNCP37200/RNCP37371/RNCP39276;7680
RNCP13296;7490
RNCP13349;8600
RNCP1338;7910
RNCP13387;5400
RNCP13444/RNCP36091/RNCP36431;9900
RNCP13466;8407
RNCP13587;8208
RNCP13596/RNCP37075;6938
RNCP13620/RNCP37098;6390
RNCP1363/RNCP36393;9100
RNCP13645/RNCP37176;8987
RNCP13646/RNCP36397;7525
RNCP13856/RNCP37491;6780
RNCP13862;8668
RNCP13863;9084
RNCP13864;8500
RNCP13869/RNCP38384;6543
RNCP13872/RNCP36790;8410
RNCP13873/RNCP36789;7532
RNCP13874/RNCP38318;9285
RNCP13876/RNCP36787;9379
RNCP13877/RNCP38385;11047
RNCP13889;7777
RNCP13905/RNCP36788;7304
RNCP13913/RNCP37233;8570
RNCP13916;9000
RNCP13921/RNCP38856;9186
RNCP13937/RNCP37235;10580
RNCP13948/RNCP36177/RNCP38661;9000
RNCP13950/RNCP38055;8992
RNCP13953;7600
RNCP13969;8280
RNCP13982;8100
RNCP13983;8055
RNCP13985/RNCP38866;7695
RNCP14032/RNCP38076;7633
RNCP14039/RNCP39155;7737
RNCP14054;9513
RNCP1406/RNCP36484;12273
RNCP14226;7000
RNCP14227/RNCP36659;11002
RNCP14279;10334
RNCP14291/RNCP36480;8172
RNCP14296;8460
RNCP14310;8190
RNCP14392/RNCP36501;8011
RNCP14394;7350
RNCP14440/RNCP37527;8718
RNCP14447/RNCP37267;7500
RNCP14467/RNCP39305;8920
RNCP14468;8856
RNCP14470/RNCP38095/RNCP39170;7425
RNCP14472/RNCP38190/RNCP39167;7740
RNCP14494/RNCP36288;8512
RNCP14506/RNCP36490;7000
RNCP14518/RNCP39663;6844
RNCP14521/RNCP36379;7400
RNCP14524;8997
RNCP14528/RNCP36631;8060
RNCP14529;8500
RNCP14588;7329
RNCP14592;6504
RNCP14624/RNCP36845;9231
RNCP14625/RNCP36861;9250
RNCP1475/RNCP36404;6873
RNCP1481/RNCP37436;8152
RNCP14853/RNCP37024;8399
RNCP14868/RNCP36429;10250
RNCP14889/RNCP38060/RNCP39303;7650
RNCP14890/RNCP38058/RNCP39555;9000
RNCP14891/RNCP38085/RNCP39166;8470
RNCP14893;9068
RNCP14899;8820
RNCP14900/RNCP37953;9814
RNCP14901/RNCP38499;13270
RNCP14922/RNCP38380;7740
RNCP14923/RNCP39156;23085
RNCP14957/RNCP37376;9038
RNCP14963;8717
RNCP14964/RNCP36526;8645
RNCP15009/RNCP39297;7219
RNCP15036;6750
RNCP15053/RNCP36527;9696
RNCP15065;7900
RNCP15066;8109
RNCP15074;7485
RNCP15076/RNCP39257;5943
RNCP15078/RNCP39381;6237
RNCP15128;8267
RNCP15129/RNCP38791;6840
RNCP15141/RNCP36910;7170
RNCP15152;6863
RNCP15156/RNCP39066;6246
RNCP15160/RNCP38948;8450
RNCP15162;8364
RNCP15238/RNCP39620;7830
RNCP15253/RNCP38461;7431
RNCP15263/RNCP36867;7459
RNCP15314;8750
RNCP15342;9094
RNCP15345;7908
RNCP15367/RNCP36627;8650
RNCP15368/RNCP36596;10800
RNCP15507/RNCP38657;7832
RNCP15509;6124
RNCP15516/RNCP36772;10497
RNCP15538/RNCP36818/RNCP37907;8707
RNCP15611/RNCP36936;7860
RNCP15612/RNCP38655/RNCP39685;7479
RNCP15613/RNCP36773;8091
RNCP15614/RNCP36937;13598
RNCP15638/RNCP38532;9157
RNCP15668/RNCP38652;8184
RNCP15669/RNCP38654/RNCP39686;7679
RNCP15672/RNCP38653;8861
RNCP15673/RNCP38352;8150
RNCP15674/RNCP38351;8025
RNCP15699/RNCP39341;10625
RNCP15745/RNCP38144;7326
RNCP15747/RNCP37511;6923
RNCP15762;7753
RNCP15782;9050
RNCP15789;8034
RNCP15793;4610
RNCP15796/RNCP37339;6577
RNCP15800/RNCP36898;8700
RNCP15802/RNCP39248;7212
RNCP15817/RNCP38041;7945
RNCP15819/RNCP38518;8976
RNCP15963/RNCP37627;9000
RNCP15964/RNCP37151;7842
RNCP16015/RNCP37033;9955
RNCP16044;9000
RNCP16045;9491
RNCP16058;7560
RNCP1607/RNCP36528;8668
RNCP16128/RNCP38393;7500
RNCP16129/RNCP38310;8550
RNCP1615/RNCP36734;7650
RNCP16153;8018
RNCP16165/RNCP38533;10800
RNCP16179;10137
RNCP16189/RNCP36092/RNCP39052;9200
RNCP16197;7813
RNCP16204/RNCP37425;8439
RNCP16240;8500
RNCP16246/RNCP36443/RNCP39764;9410
RNCP16258/RNCP37738;7137
RNCP16261/RNCP37855;7095
RNCP16262/RNCP37626;7350
RNCP16286/RNCP36323;9092
RNCP16313/RNCP36965;8833
RNCP16392/RNCP36108;9000
RNCP16454;6547
RNCP16515;8532
RNCP16542;8358
RNCP16546;9000
RNCP16575/RNCP36128/RNCP37504;7310
RNCP16618/RNCP36472;7441
RNCP16629;7544
RNCP16638/RNCP36083/RNCP38930;8634
RNCP16642;8468
RNCP16643/RNCP37809;7841
RNCP16666/RNCP38637;9250
RNCP16694;9092
RNCP16742/RNCP36572;7927
RNCP16759/RNCP37954;11650
RNCP16770;12580
RNCP16798;9973
RNCP16800;7871
RNCP16833;8842
RNCP16861/RNCP39448;9949
RNCP16862/RNCP36346;8401
RNCP16875;9281
RNCP16881/RNCP37656;7604
RNCP16889/RNCP37177;7207
RNCP16895/RNCP38108;7088
RNCP16910/RNCP38378;8262
RNCP16911/RNCP37728;9217
RNCP16912/RNCP38376;7787
RNCP16913/RNCP38377;8084
RNCP16928;7105
RNCP16948/RNCP36984/RNCP39624;7200
RNCP1695/RNCP38030;7310
RNCP16952/RNCP37261;7325
RNCP16959/RNCP36287;8640
RNCP16961/RNCP38240;12000
RNCP16963/RNCP37393;9000
RNCP17000/RNCP38674;9850
RNCP17006;8907
RNCP17009;9325
RNCP17017/RNCP37716;9163
RNCP17029/RNCP39915;9700
RNCP17030;6373
RNCP17031/RNCP37718;5563
RNCP17037;9202
RNCP17040/RNCP39913;9404
RNCP17041;9274
RNCP17045/RNCP39803;8349
RNCP1707/RNCP36352;9205
RNCP17080;10065
RNCP17090;9700
RNCP17127/RNCP37915/RNCP38570;11500
RNCP17131/RNCP37938;7898
RNCP17163;6260
RNCP17164;6250
RNCP17175/RNCP37594;9000
RNCP17197;6840
RNCP17204/RNCP36897;7632
RNCP17215/RNCP38350;7322
RNCP17218/RNCP38349;6963
RNCP17223/RNCP36584;7351
RNCP17243;9000
RNCP17265/RNCP36063/RNCP39093;7810
RNCP17270/RNCP36580/RNCP37804;7733
RNCP17271;9263
RNCP17274/RNCP37349;8033
RNCP17279/RNCP37053;8727
RNCP17281/RNCP37296/RNCP39409;12000
RNCP17282;8327
RNCP17285;6599
RNCP17286/RNCP37985;8407
RNCP17327;10415
RNCP1739;7256
RNCP17469;10017
RNCP17484/RNCP37914;9874
RNCP17505;9478
RNCP17506/RNCP39027;8919
RNCP17538/RNCP39472;8907
RNCP1761/RNCP39232;7195
RNCP17682;10115
RNCP17696;9591
RNCP17700;8850
RNCP17791/RNCP36803;5850
RNCP17798/RNCP38276;6949
RNCP17802/RNCP37756;7857
RNCP17821/RNCP39599;7952
RNCP17827/RNCP36906;7735
RNCP17835/RNCP38188;10024
RNCP17842/RNCP38187;8266
RNCP17849;5780
RNCP17891;7134
RNCP1794/RNCP36245;6626
RNCP1796/RNCP38723;7817
RNCP18019/RNCP37794;7560
RNCP18023/RNCP36529;9034
RNCP18029;7702
RNCP18088/RNCP38125;8896
RNCP18102/RNCP38237;8727
RNCP1811/RNCP36244;7170
RNCP18116/RNCP39168;9000
RNCP18121/RNCP38525;8397
RNCP1814/RNCP36258;6626
RNCP1817/RNCP38869;8613
RNCP18197/RNCP36209;8055
RNCP18210;6480
RNCP18247/RNCP36766/RNCP37350/RNCP39540;8668
RNCP18250;11410
RNCP18253/RNCP36753/RNCP37363/RNCP39058;8648
RNCP1828/RNCP37292;9116
RNCP18281/RNCP36673/RNCP37362/RNCP39055;8972
RNCP18291;8570
RNCP183/RNCP37876;6602
RNCP1831;6353
RNCP18315/RNCP37377/RNCP38578;8100
RNCP18317/RNCP37238;6750
RNCP18318;8789
RNCP1832;5871
RNCP18328/RNCP37494;9450
RNCP1833;5871
RNCP18362;8250
RNCP18363;9074
RNCP18390/RNCP39028;11580
RNCP184/RNCP37398;9279
RNCP18476;8779
RNCP1852/RNCP38551;8530
RNCP18620/RNCP38226;4627
RNCP1863/RNCP38721;7252
RNCP18645/RNCP36653/RNCP38246;8509
RNCP18704/RNCP37537;6015
RNCP18715;9000
RNCP18717;9000
RNCP18725;8407
RNCP18726/RNCP37840;9686
RNCP1876/RNCP36243/RNCP38713;8120
RNCP18772;8750
RNCP18782;10800
RNCP1883/RNCP38558/RNCP39795;8230
RNCP18830;8150
RNCP1884/RNCP38559/RNCP39796;8493
RNCP18916/RNCP39187;9580
RNCP18936/RNCP38849;8916
RNCP18989/RNCP36539;9294
RNCP1899/RNCP36237;6354
RNCP1901/RNCP37277;9672
RNCP19114/RNCP39133;6827
RNCP19117;7817
RNCP19118/RNCP39809;6914
RNCP19132/RNCP38573;9450
RNCP19164/RNCP37344;5065
RNCP19175;5850
RNCP19182/RNCP38120;8560
RNCP19185/RNCP36512/RNCP37790;7960
RNCP19194/RNCP36156;11046
RNCP19207/RNCP37523;8020
RNCP19222;7801
RNCP19251;8216
RNCP19276;8407
RNCP19292/RNCP37905;8983
RNCP193/RNCP36804;5697
RNCP1932;6794
RNCP19361/RNCP37338;12273
RNCP19369;7500
RNCP19406/RNCP38083;11337
RNCP19418/RNCP37059/RNCP39763;8956
RNCP19527;8858
RNCP19542;7710
RNCP19545/RNCP36619;7300
RNCP19615;9740
RNCP1964;8742
RNCP19727/RNCP38327;8845
RNCP1974;7785
RNCP1981/RNCP38373;11320
RNCP1989;10093
RNCP20047;8756
RNCP2007/RNCP39910;9526
RNCP20122;7560
RNCP20138;7507
RNCP202/RNCP37397;9600
RNCP20236;8100
RNCP20334/RNCP38517;6937
RNCP20434/RNCP38896;8450
RNCP20443/RNCP37651;7307
RNCP20508/RNCP39601;8000
RNCP20612;10195
RNCP20623;10000
RNCP20640;5663
RNCP20643;8681
RNCP20646;6760
RNCP20648;7580
RNCP20649;8486
RNCP20650;7995
RNCP20652;7429
RNCP20654;8000
RNCP20656;9332
RNCP20657;7391
RNCP20660;8444
RNCP20675/RNCP37962;9102
RNCP20682/RNCP37196;10413
RNCP20687/RNCP37963;7400
RNCP20689/RNCP37019;9313
RNCP20692;9002
RNCP20693/RNCP37375;7589
RNCP20696/RNCP37021;8730
RNCP20697/RNCP37020;8951
RNCP20698/RNCP37022;9711
RNCP20699;7531
RNCP20701;10230
RNCP20702;7661
RNCP20703/RNCP37665;8736
RNCP20706;10000
RNCP20807/RNCP38361;8979
RNCP20812;8668
RNCP2116/RNCP37060/RNCP39772;8970
RNCP2130/RNCP37507;5702
RNCP2144/RNCP36889;7501
RNCP2145;8936
RNCP21466/RNCP38404;7444
RNCP21523/RNCP37297;8650
RNCP2164;8468
RNCP21667/RNCP38127;9930
RNCP21684/RNCP39897;8802
RNCP21709/RNCP36389;7300
RNCP21730/RNCP36285;7910
RNCP21777/RNCP38029;8940
RNCP218/RNCP37546/RNCP39437;7600
RNCP21884/RNCP36729/RNCP38907;7155
RNCP21923;10500
RNCP21934/RNCP37072;8510
RNCP21942/RNCP36382;7695
RNCP21946/RNCP36298;7117
RNCP21947/RNCP37744;7602
RNCP21956;7304
RNCP22048;8210
RNCP22083;7605
RNCP22162/RNCP37683;10466
RNCP2219/RNCP38483;5754
RNCP22279/RNCP39005;6231
RNCP22352/RNCP36249;8376
RNCP22373/RNCP37126/RNCP39326;9183
RNCP22478/RNCP37960;7294
RNCP225/RNCP37681;6530
RNCP22514/RNCP38563;8993
RNCP2257/RNCP39673;6794
RNCP2261/RNCP38842;6615
RNCP2262;8599
RNCP2263/RNCP39683;4692
RNCP22689/RNCP37672;8267
RNCP2271/RNCP39681;6682
RNCP2272/RNCP38853;7720
RNCP2273;6794
RNCP22738;8407
RNCP2274/RNCP39679;8202
RNCP22741;8668
RNCP2276;5871
RNCP2277/RNCP39678;7544
RNCP2278/RNCP39674;7194
RNCP2280;7500
RNCP2281/RNCP39667;8138
RNCP2284;6961
RNCP2285/RNCP38852;7550
RNCP22850/RNCP37950;7794
RNCP2286/RNCP38851;11520
RNCP2287;7101
RNCP2288;7650
RNCP2289;7112
RNCP229;7667
RNCP2290;7650
RNCP2291/RNCP38346;8500
RNCP2292/RNCP38344;8500
RNCP22920;6630
RNCP22922/RNCP36097/RNCP39465;9300
RNCP2294;3550
RNCP2295;7317
RNCP2296;8082
RNCP22965/RNCP36416;8668
RNCP2299;7317
RNCP22990;6300
RNCP230/RNCP39707;9052
RNCP2300;7043
RNCP23000/RNCP36995;9090
RNCP23001/RNCP37816;7141
RNCP23012;10437
RNCP23013;9731
RNCP2302;7650
RNCP2303;5995
RNCP2304/RNCP39662;6447
RNCP2306/RNCP39666;5742
RNCP2307/RNCP39672;9225
RNCP23089;8753
RNCP23246/RNCP38084;9399
RNCP233/RNCP36176/RNCP38664;7916
RNCP23305;9078
RNCP23345/RNCP38998;8353
RNCP23347;8105
RNCP23456;8407
RNCP23500/RNCP37714;10218
RNCP23588/RNCP37558/RNCP38429;8311
RNCP23645;7826
RNCP23655;8128
RNCP23671/RNCP37865;8500
RNCP23680/RNCP36882/RNCP39390;7210
RNCP23681/RNCP36615/RNCP39253;7256
RNCP23692/RNCP38466;7786
RNCP23693;8800
RNCP23737/RNCP36326;9520
RNCP23745;5065
RNCP23827/RNCP36141;6982
RNCP23872/RNCP37082/RNCP39401;9084
RNCP23896;9535
RNCP23909;15000
RNCP23923/RNCP38357;11910
RNCP23932/RNCP36865;6156
RNCP23937/RNCP36390;7031
RNCP23939/RNCP37080;7550
RNCP23940;7810
RNCP24092/RNCP37116/RNCP39321;9000
RNCP24148;7915
RNCP24240/RNCP39823;6932
RNCP24412;8500
RNCP24420/RNCP38184;7222
RNCP24423/RNCP38186;7069
RNCP24424/RNCP39017;7300
RNCP24426/RNCP39018;7300
RNCP24428/RNCP38183;7969
RNCP24429/RNCP39696;8053
RNCP24430;8000
RNCP24432;9276
RNCP24433;8331
RNCP24434/RNCP39694;6535
RNCP24435/RNCP39023;7498
RNCP2444/RNCP37315/RNCP38762;6750
RNCP24440/RNCP38650;7092
RNCP24442/RNCP38651;6382
RNCP24461;5968
RNCP24462;7498
RNCP24464/RNCP39477;7498
RNCP24465/RNCP39695;7300
RNCP24466/RNCP39698;8397
RNCP24467/RNCP38692;7250
RNCP24468/RNCP38189;6387
RNCP24469;7833
RNCP24470;8000
RNCP24471;10189
RNCP24476/RNCP38343;7951
RNCP24480;9528
RNCP24481;6000
RNCP24508;8957
RNCP24511;6500
RNCP24513;8250
RNCP24514;8064
RNCP24516;6661
RNCP24518;7322
RNCP24519/RNCP38978;7833
RNCP24528/RNCP38701;8332
RNCP24529/RNCP38979;7630
RNCP24530/RNCP39517;6230
RNCP24531/RNCP39518;8700
RNCP24532;7866
RNCP24533/RNCP38975;8004
RNCP24535/RNCP38977;6991
RNCP24536/RNCP38976;8798
RNCP24537/RNCP39690;7800
RNCP24538/RNCP38980;7519
RNCP24601/RNCP37947;8303
RNCP2462;7400
RNCP24642/RNCP37557;8883
RNCP24650;8756
RNCP24652/RNCP38392;6980
RNCP24655/RNCP39938;9047
RNCP2466;10150
RNCP24662/RNCP38415;7979
RNCP24665/RNCP38414;7979
RNCP24666/RNCP38574;8688
RNCP2467;9000
RNCP2469/RNCP36247;8526
RNCP247/RNCP37275;8971
RNCP24703/RNCP37930/RNCP38729;6423
RNCP24712/RNCP38954;9500
RNCP2475;9485
RNCP24750/RNCP37244;5489
RNCP2476;10000
RNCP2478;6583
RNCP2479;7909
RNCP2480;7813
RNCP2481;8334
RNCP24815/RNCP38472;7213
RNCP24826/RNCP37811;6529
RNCP24842/RNCP38267;9615
RNCP24843;8500
RNCP24874/RNCP38273;10213
RNCP24907/RNCP38342;8900
RNCP24919/RNCP38311;9550
RNCP24921/RNCP37570;7523
RNCP24928/RNCP38386;5223
RNCP25005/RNCP36682;8335
RNCP2508;9620
RNCP25085/RNCP38390;6588
RNCP25086/RNCP38387;6291
RNCP25090/RNCP38388;5669
RNCP25091/RNCP38391;7062
RNCP25092/RNCP38876;15122
RNCP25109/RNCP38854;6210
RNCP25169/RNCP39173;7260
RNCP25171/RNCP39697;7750
RNCP25172;6750
RNCP25254/RNCP38717;8370
RNCP25255/RNCP38371;7552
RNCP25256;7618
RNCP25257;7604
RNCP25258;7653
RNCP2527;7825
RNCP25304;10750
RNCP25306/RNCP38855;5949
RNCP25353/RNCP38878;8829
RNCP2541;6392
RNCP25440/RNCP36419;11000
RNCP25448/RNCP36543;9684
RNCP25481/RNCP36295;7580
RNCP25508/RNCP38953;6489
RNCP25522/RNCP36842;8085
RNCP25574;8011
RNCP25645;7615
RNCP25670;7799
RNCP25672;7799
RNCP25673;7799
RNCP25678/RNCP37939/RNCP39169;9388
RNCP25699/RNCP36675/RNCP37353/RNCP39140;9050
RNCP25702;9300
RNCP25759;8668
RNCP25760;9532
RNCP25852;10139
RNCP25917/RNCP36420;9341
RNCP25929/RNCP38389;5994
RNCP26016/RNCP39467;7550
RNCP26030;7550
RNCP26070/RNCP36182;9846
RNCP26073/RNCP36180;9220
RNCP26108/RNCP37484/RNCP39304;8100
RNCP26123/RNCP36918;14646
RNCP26146/RNCP39844;7830
RNCP26193;8692
RNCP26240;6727
RNCP26279;8436
RNCP26280;7589
RNCP26324/RNCP36764;9047
RNCP26377/RNCP36271;8700
RNCP26449;6775
RNCP26501;7690
RNCP26602;9154
RNCP26612/RNCP37310;6705
RNCP26650/RNCP37553/RNCP38430;5767
RNCP26656;7667
RNCP26658;8292
RNCP26659;7630
RNCP26675;8407
RNCP26676;8045
RNCP26677;9723
RNCP26697/RNCP38638;9000
RNCP26699/RNCP39507;11154
RNCP26714/RNCP38536;11110
RNCP26726;8752
RNCP26730;8752
RNCP26732;7851
RNCP26734/RNCP37977;8508
RNCP26735;8935
RNCP26742/RNCP38902;4000
RNCP26746;7147
RNCP26755/RNCP37265;9137
RNCP26759/RNCP38111;8658
RNCP26779;7813
RNCP26797;7849
RNCP26821;8668
RNCP26827/RNCP36194;8668
RNCP26839/RNCP36286;8785
RNCP26842/RNCP36699;10973
RNCP26859/RNCP38860;9561
RNCP2687;9698
RNCP26876/RNCP38535;9000
RNCP2688;8375
RNCP2689;9682
RNCP26901/RNCP36368;6582
RNCP26912/RNCP36815;9015
RNCP26923/RNCP36892;10634
RNCP26943/RNCP37789;11202
RNCP26951/RNCP36225;8920
RNCP27028/RNCP36143;8556
RNCP27038;10230
RNCP2705/RNCP38884;14148
RNCP27050/RNCP36207;8668
RNCP27057/RNCP36905;6815
RNCP27095/RNCP36612;6000
RNCP27096/RNCP36643;8716
RNCP27124/RNCP36256;6133
RNCP2714/RNCP37598;12433
RNCP27158;7345
RNCP27165;8829
RNCP27217;6708
RNCP2729;9294
RNCP27302;7604
RNCP27307;10069
RNCP27327/RNCP36651/RNCP37982;6400
RNCP27329;6580
RNCP27333;7304
RNCP27334;7708
RNCP27336;6750
RNCP27347;7309
RNCP27362/RNCP38772;7695
RNCP27365/RNCP36534;6345
RNCP27369;6800
RNCP27467;8720
RNCP27473/RNCP38312;7650
RNCP27509/RNCP38278;7791
RNCP27510;7500
RNCP2775/RNCP37304;12952
RNCP27774/RNCP38880;6551
RNCP278/RNCP37872;8750
RNCP27812;7695
RNCP27820/RNCP36657;8690
RNCP27823/RNCP37163;9937
RNCP27831/RNCP36411;8242
RNCP27836/RNCP36399;6507
RNCP27905;6458
RNCP27934/RNCP36793;10044
RNCP27936/RNCP36102;9473
RNCP27956/RNCP37052/RNCP39741;6092
RNCP28048/RNCP38565;6467
RNCP2807;5900
RNCP28078;5810
RNCP28080/RNCP36109;7105
RNCP28086/RNCP37416;8500
RNCP28091/RNCP38261;8308
RNCP28092/RNCP37051;8255
RNCP28094/RNCP37326;14758
RNCP28098/RNCP36638;8960
RNCP28108;7589
RNCP28113/RNCP36730;14031
RNCP28128/RNCP37093;7519
RNCP28131;6300
RNCP28132/RNCP37823;5676
RNCP28133/RNCP37001;7396
RNCP28134/RNCP36532;7657
RNCP28151;7752
RNCP2817/RNCP37669;7722
RNCP28173/RNCP37066;7555
RNCP28176/RNCP36075;6770
RNCP28177/RNCP36706;7406
RNCP28191/RNCP36666/RNCP37748;6809
RNCP28192;11030
RNCP28204/RNCP39208;8423
RNCP28215/RNCP36914;8700
RNCP28216/RNCP36384;7726
RNCP28217;7101
RNCP28219;9157
RNCP28226/RNCP36489;10100
RNCP28280/RNCP37597/RNCP38752;10023
RNCP28285/RNCP37520;7650
RNCP28288/RNCP36241;7106
RNCP2829;8779
RNCP28291/RNCP36239;7232
RNCP28297/RNCP37538;7252
RNCP28312/RNCP37305;6270
RNCP2832/RNCP38423;9984
RNCP28329/RNCP38867;7700
RNCP2834/RNCP38409;6390
RNCP28349;8752
RNCP2835/RNCP37916;8759
RNCP28353;9540
RNCP2836/RNCP37917;7808
RNCP2840;8378
RNCP2841;7280
RNCP2842;6900
RNCP2846;7611
RNCP28462;8634
RNCP28557/RNCP39926;7875
RNCP28573;8560
RNCP28616/RNCP36962;8383
RNCP28644;10931
RNCP28646;11260
RNCP28661/RNCP36708;9853
RNCP28668/RNCP36462;11183
RNCP28669;6420
RNCP28675/RNCP38025;5414
RNCP2869;8760
RNCP2870;7700
RNCP28706/RNCP36226;7500
RNCP28709/RNCP36620;8100
RNCP2871;7813
RNCP28710/RNCP36621;9760
RNCP28711/RNCP36618;8460
RNCP28714/RNCP36735;8500
RNCP28716/RNCP36982;7865
RNCP28717/RNCP36740;7650
RNCP2872;7668
RNCP28740;7645
RNCP28741;12047
RNCP28743;7650
RNCP28749;7051
RNCP2875;7813
RNCP28751/RNCP36628;8546
RNCP28754/RNCP37506;8758
RNCP28755/RNCP36859;11046
RNCP2876;7700
RNCP28762/RNCP36880;9633
RNCP28763/RNCP37006;7700
RNCP28764/RNCP36933;7500
RNCP2877;7700
RNCP28771/RNCP36593;8407
RNCP28776/RNCP38460;6605
RNCP2879;7700
RNCP28799/RNCP37533;6566
RNCP28806/RNCP36954;5830
RNCP28808/RNCP36560;9500
RNCP28809/RNCP37604;6579
RNCP2882;7785
RNCP28876;9600
RNCP28878;8484
RNCP2889;8896
RNCP2890;7700
RNCP2891;7813
RNCP2893;8400
RNCP2895;9319
RNCP2897/RNCP36757;7700
RNCP2898;6244
RNCP2899;6000
RNCP2900;7813
RNCP2901;7819
RNCP29025/RNCP38232;5273
RNCP2903;8415
RNCP2905;7508
RNCP2906;7813
RNCP29069;7522
RNCP2908;7491
RNCP2911;7700
RNCP29115;8351
RNCP2914;7281
RNCP2915;8170
RNCP29158/RNCP39062;9000
RNCP2916;8582
RNCP2918;7813
RNCP29193/RNCP36748/RNCP37838;7695
RNCP2920;8520
RNCP2921;11900
RNCP29211;8005
RNCP2922;9173
RNCP2923;9650
RNCP2924;7813
RNCP29240/RNCP38329;7531
RNCP29244/RNCP37588/RNCP39161;9000
RNCP2925;9000
RNCP29257/RNCP38093;7090
RNCP29259/RNCP38077;7070
RNCP2926;10000
RNCP29262/RNCP38403;8005
RNCP29267/RNCP38316;8258
RNCP2927;8046
RNCP29276/RNCP39145;9183
RNCP29277/RNCP39146;7300
RNCP29278/RNCP39147;9148
RNCP29303;8436
RNCP29322/RNCP39144;10500
RNCP29329/RNCP38408;10000
RNCP2934;7101
RNCP2936;7700
RNCP2937;8215
RNCP29378/RNCP36080;8500
RNCP29394;8177
RNCP29409;7920
RNCP2942;7700
RNCP29425;8449
RNCP29426/RNCP36916;8526
RNCP2943;7700
RNCP29431/RNCP37169;7010
RNCP29433;7292
RNCP2944;10000
RNCP29441;9081
RNCP29442/RNCP38608;7887
RNCP2945;7700
RNCP29460/RNCP37262;10000
RNCP29485/RNCP36421;8160
RNCP29497;7604
RNCP29537;5650
RNCP29548/RNCP36073;8775
RNCP29550/RNCP37266;6543
RNCP29564;8300
RNCP29631;7200
RNCP29638;5115
RNCP29642;6204
RNCP29655;6840
RNCP29656;5678
RNCP29671;9000
RNCP29700;6335
RNCP29701;6885
RNCP29717/RNCP37157;17406
RNCP29719;7920
RNCP29720;9552
RNCP29733;7984
RNCP29740;7700
RNCP29742;7603
RNCP29744;7668
RNCP29746;8455
RNCP29757;6260
RNCP29762;9222
RNCP29764;6573
RNCP29776;7100
RNCP29778;9348
RNCP29783/RNCP39812;8182
RNCP29791;6931
RNCP29792;7000
RNCP29796;7700
RNCP29798;7688
RNCP298/RNCP36650;7618
RNCP29805;7012
RNCP29806;6720
RNCP29811;8374
RNCP29816/RNCP36616;7210
RNCP29818;9475
RNCP29837/RNCP36909;9000
RNCP29842/RNCP37068;7570
RNCP29844/RNCP37423;8489
RNCP29855/RNCP37120;6167
RNCP29859;8111
RNCP29885/RNCP38337;10772
RNCP29900/RNCP37294;7338
RNCP29903;8842
RNCP29961;8879
RNCP29962;7620
RNCP29964;8100
RNCP29965;8382
RNCP29966;7509
RNCP29967;7440
RNCP29968;7604
RNCP29969;7647
RNCP29970;7645
RNCP29971;7790
RNCP29972;8000
RNCP29973;7800
RNCP29977;6692
RNCP29978;9200
RNCP29980;8152
RNCP29982;7806
RNCP29983;7080
RNCP29985;8080
RNCP29986;8000
RNCP29988;7426
RNCP29989;8370
RNCP29990;8384
RNCP29991;7610
RNCP29992;7070
RNCP30033;9708
RNCP30035;8272
RNCP30037;7604
RNCP30038;8700
RNCP30039;7985
RNCP30040;7916
RNCP30041;7425
RNCP30042;7553
RNCP30043;8143
RNCP30044;8078
RNCP30045;8020
RNCP30047;9885
RNCP30048;10070
RNCP30049;7200
RNCP30050;9270
RNCP30051;7200
RNCP30052;9000
RNCP30053;7500
RNCP30054;8200
RNCP30055;8120
RNCP30056;8911
RNCP30057;8900
RNCP30058;7290
RNCP30059;6754
RNCP30060;6800
RNCP30061;8358
RNCP30062;8310
RNCP30063;7780
RNCP30064;7267
RNCP30065;7519
RNCP30067;5971
RNCP30069;7800
RNCP30070;8404
RNCP30071;7898
RNCP30073;8000
RNCP30074;10329
RNCP30075;10223
RNCP30076;7780
RNCP30077;7000
RNCP30078;6665
RNCP30080;7362
RNCP30086;7986
RNCP30087;7650
RNCP30088;8729
RNCP30089;8000
RNCP30090;6848
RNCP30091;7200
RNCP30092;7758
RNCP30093;8993
RNCP30094;7800
RNCP30095;7342
RNCP30097;7000
RNCP30098;8149
RNCP30099;7552
RNCP30100;7000
RNCP30101;6595
RNCP30102;6180
RNCP30103;7000
RNCP30105;7910
RNCP30106;6490
RNCP30107;7200
RNCP30108;8600
RNCP30109;6036
RNCP30110;7355
RNCP30111;7308
RNCP30112;7874
RNCP30113;10800
RNCP30114;8097
RNCP30115;7920
RNCP30116;7002
RNCP30117;7800
RNCP30118;7000
RNCP30119;6603
RNCP30120;9200
RNCP30121;7502
RNCP30122;7319
RNCP30123/RNCP39825;9000
RNCP30124/RNCP39824;9000
RNCP30125;7800
RNCP30126;8710
RNCP30127;7340
RNCP30128;8370
RNCP30129;7000
RNCP30130;7828
RNCP30131;7310
RNCP30132;7400
RNCP30133;6597
RNCP30134;9434
RNCP30135;7939
RNCP30136;8700
RNCP30137;6937
RNCP30140;8500
RNCP30141;8438
RNCP30142;9000
RNCP30143;9000
RNCP30144;9000
RNCP30146;7300
RNCP30148;7758
RNCP30150;6588
RNCP30151;7757
RNCP30152;6936
RNCP30153;8383
RNCP30156;7501
RNCP30157;6750
RNCP30158/RNCP36100;7554
RNCP30159;7490
RNCP30160;7601
RNCP30162;8230
RNCP30163;7604
RNCP30164;9579
RNCP30169/RNCP37547/RNCP38546;7960
RNCP30173/RNCP37122;6510
RNCP30181;9430
RNCP30218;7560
RNCP30254/RNCP37154;8340
RNCP30271;9681
RNCP30286;8433
RNCP30312/RNCP36331;6817
RNCP30328/RNCP38401;6062
RNCP30349/RNCP38279;6647
RNCP30357;7700
RNCP30370;8730
RNCP30377/RNCP39616;7493
RNCP30382;6934
RNCP30383;7262
RNCP30387;8400
RNCP30396;7653
RNCP30401/RNCP37606;7851
RNCP30407;7020
RNCP30409/RNCP36494;8673
RNCP30412/RNCP36976/RNCP37999;7736
RNCP30417/RNCP37332;8696
RNCP30418;8407
RNCP30425;8640
RNCP30623/RNCP37446;7700
RNCP30625/RNCP37295;6398
RNCP30635;7638
RNCP30669;5892
RNCP30679;6308
RNCP30687;9197
RNCP30689/RNCP36082;6480
RNCP30701/RNCP36603/RNCP38924;8122
RNCP30714/RNCP36463;7658
RNCP30719;7555
RNCP30721;6650
RNCP30722/RNCP36410;7047
RNCP30746;8407
RNCP30749;9733
RNCP30754/RNCP38531;7799
RNCP30758/RNCP38864;7156
RNCP30763/RNCP38865;9552
RNCP30767;9881
RNCP30803;6706
RNCP30831/RNCP37752;7783
RNCP30833;6776
RNCP30923/RNCP38635;6366
RNCP30930/RNCP36785/RNCP38754;8400
RNCP30932;9096
RNCP30951/RNCP38306;6750
RNCP30952/RNCP38305;6750
RNCP30975/RNCP37034;8048
RNCP30980/RNCP37443;7248
RNCP30984;8092
RNCP30996;11260
RNCP30999/RNCP37445;6930
RNCP31001;7632
RNCP31003;7663
RNCP31005/RNCP37717;8333
RNCP31006/RNCP38526;6807
RNCP31018;7574
RNCP31019/RNCP37010;7794
RNCP31020;8770
RNCP31021;7893
RNCP31029/RNCP38441;7653
RNCP31036;9500
RNCP3104;7291
RNCP31041/RNCP39030;5470
RNCP31046;7381
RNCP31047/RNCP37396;7164
RNCP31053/RNCP37859;8094
RNCP31066/RNCP38300;10941
RNCP31073/RNCP37399;9238
RNCP31078/RNCP37476;7648
RNCP31085/RNCP37878;9800
RNCP31096/RNCP37554/RNCP38424;6642
RNCP31113/RNCP37680;6790
RNCP31114/RNCP37674;4500
RNCP31115/RNCP37682;5400
RNCP31116/RNCP37442;7200
RNCP31117/RNCP37879;6600
RNCP3112/RNCP37251;8678
RNCP31131/RNCP37513;8550
RNCP31133;6924
RNCP31134/RNCP37607/RNCP39090;6547
RNCP31142/RNCP37608;7772
RNCP31167/RNCP36575/RNCP39220;6650
RNCP31168/RNCP37040/RNCP39603;7702
RNCP31171/RNCP36874/RNCP39392;8221
RNCP31172/RNCP36881;7523
RNCP31173;8355
RNCP31181;10406
RNCP31182;8266
RNCP31185/RNCP37409;7020
RNCP31186/RNCP36622/RNCP39235;6239
RNCP31187;8445
RNCP31195;9226
RNCP31201;7281
RNCP31205/RNCP36121/RNCP38105;8600
RNCP31206/RNCP39585;7735
RNCP31210/RNCP38303;6693
RNCP31214/RNCP38339;6681
RNCP31216/RNCP38230;7271
RNCP3127;6580
RNCP31275/RNCP38728;6997
RNCP3128;7392
RNCP31290/RNCP38577;7416
RNCP31293/RNCP38400;6272
RNCP31318;7396
RNCP31326;7396
RNCP31334/RNCP38560;6201
RNCP31368;7629
RNCP31377/RNCP39636;9603
RNCP3138/RNCP37922;8986
RNCP31392;8279
RNCP31402/RNCP37860;7396
RNCP31409/RNCP39464;7189
RNCP31412;7848
RNCP31414;9189
RNCP31415;9366
RNCP31416;8900
RNCP31417;8900
RNCP31419;7500
RNCP31420/RNCP37793;6463
RNCP31425;9189
RNCP31426;8900
RNCP31427;8807
RNCP31429;8807
RNCP31430;8807
RNCP31433;8434
RNCP31434;8900
RNCP31435;8811
RNCP31436;8000
RNCP31437;8745
RNCP31438;8000
RNCP31439;8900
RNCP31440;8900
RNCP31441;9000
RNCP31442;8434
RNCP31455/RNCP37895;11732
RNCP31456;9000
RNCP31457;7176
RNCP31466/RNCP36548/RNCP37975;9000
RNCP31469/RNCP38982;7187
RNCP31470;7904
RNCP31471/RNCP39490;8265
RNCP31472/RNCP38970;9000
RNCP3148;10500
RNCP31485;8585
RNCP31486;8407
RNCP31488/RNCP38709;8500
RNCP31490;6852
RNCP31491;7375
RNCP31492/RNCP38194;8626
RNCP31493/RNCP38160;6400
RNCP31494/RNCP39693;8252
RNCP31495/RNCP38984;8579
RNCP31496/RNCP38208;7959
RNCP31497;7524
RNCP31498/RNCP38695;7650
RNCP31499/RNCP39691;6600
RNCP31500/RNCP39700;7800
RNCP31502/RNCP38691;8842
RNCP31503;8642
RNCP31505/RNCP39010;8384
RNCP31506/RNCP38175;8060
RNCP31515/RNCP38199;6750
RNCP31519/RNCP36866;8888
RNCP31521;8622
RNCP31524/RNCP38034;6760
RNCP31580/RNCP38297;7532
RNCP31581;8096
RNCP31589/RNCP38081;6294
RNCP31605/RNCP38080;7200
RNCP31620/RNCP39898;8711
RNCP31637/RNCP38658;8775
RNCP31677/RNCP37949;7862
RNCP31678/RNCP37873;7178
RNCP31682/RNCP38079;6030
RNCP31691/RNCP38857;6500
RNCP31694/RNCP38881;9000
RNCP317/RNCP36259;6371
RNCP31802/RNCP39692;8400
RNCP31803/RNCP38703;9000
RNCP31807/RNCP38544;7729
RNCP31808/RNCP38994;8842
RNCP31811/RNCP38990;6136
RNCP31820/RNCP37666/RNCP39424;10300
RNCP31838/RNCP38374;8001
RNCP31845;7186
RNCP31846/RNCP38202;8093
RNCP31847/RNCP38962;9973
RNCP31848;9017
RNCP31849;7100
RNCP31851/RNCP38155;7669
RNCP31852/RNCP38356;7669
RNCP31853/RNCP38154;6440
RNCP31854/RNCP38152;6707
RNCP31882;7045
RNCP31883/RNCP36590/RNCP38942;7740
RNCP31885/RNCP38917;7843
RNCP31888/RNCP38801;9427
RNCP31889/RNCP38512;8844
RNCP31892/RNCP37008/RNCP38001;5754
RNCP31894;8950
RNCP31896;10114
RNCP31897;7700
RNCP31898/RNCP39216;7675
RNCP31899/RNCP38436;8282
RNCP319/RNCP36257;5752
RNCP31900/RNCP36374;6399
RNCP31901;7383
RNCP31904;9397
RNCP31906/RNCP36623/RNCP38817;8015
RNCP31913/RNCP36136/RNCP38438;8226
RNCP31914;8010
RNCP31915/RNCP36502;6816
RNCP31916/RNCP38504;6610
RNCP31923;8236
RNCP31924/RNCP38109/RNCP39619;9472
RNCP31925;8571
RNCP31929/RNCP36385/RNCP38796;6897
RNCP31931/RNCP36511/RNCP37609;6005
RNCP31932/RNCP38433;9000
RNCP31934;7101
RNCP31936/RNCP38138;8222
RNCP31937/RNCP39347;6917
RNCP31946/RNCP36516;7750
RNCP31947;7852
RNCP31952;7190
RNCP31957/RNCP38134;8773
RNCP31962;8466
RNCP31963;9017
RNCP31964/RNCP36728/RNCP39205;6059
RNCP31966;7923
RNCP31967/RNCP36485;7840
RNCP31968;7910
RNCP31969;5756
RNCP31970/RNCP38005;7910
RNCP31973/RNCP37000;8668
RNCP31984;7052
RNCP31990/RNCP37047;9242
RNCP31991/RNCP38938;9054
RNCP31992/RNCP36392;6205
RNCP31993/RNCP38589;6395
RNCP31994;8314
RNCP31996;9137
RNCP31997/RNCP38133;8668
RNCP31999;8400
RNCP32000/RNCP37156;7920
RNCP32004/RNCP38562;8425
RNCP32006/RNCP36291/RNCP38811;9077
RNCP32009;7700
RNCP32012;7517
RNCP32013/RNCP38286;8010
RNCP32015;8411
RNCP32017;7307
RNCP32018;7650
RNCP32020/RNCP37152;6553
RNCP32024;7160
RNCP32025/RNCP36595;7748
RNCP32026;9722
RNCP32032;7961
RNCP32034/RNCP36604;7425
RNCP32035/RNCP36574/RNCP39240;7364
RNCP32037/RNCP37808;7604
RNCP32039/RNCP38607;6696
RNCP32040/RNCP36578;8445
RNCP32041/RNCP36579/RNCP38294;8887
RNCP32042/RNCP39609;6331
RNCP32043/RNCP36146;6912
RNCP32047;7785
RNCP32049/RNCP38397;7800
RNCP32053/RNCP37662;6491
RNCP32056/RNCP38895;7851
RNCP32059;8669
RNCP32060/RNCP36500;7082
RNCP32062/RNCP38118;7923
RNCP32064;7868
RNCP32067;8338
RNCP32073/RNCP38830;5786
RNCP32106/RNCP38585;8987
RNCP32108/RNCP39593;10205
RNCP32109/RNCP36696/RNCP37782;8600
RNCP32123;9157
RNCP32124/RNCP38819;8684
RNCP32126/RNCP36504;8650
RNCP32130/RNCP36731;6188
RNCP32131;7496
RNCP32133/RNCP36901;8060
RNCP32135;8566
RNCP32136;8429
RNCP32137/RNCP38708;8500
RNCP32138/RNCP39022;7811
RNCP32139/RNCP39099;7460
RNCP32141;6580
RNCP32142/RNCP37741;7772
RNCP32143/RNCP39021;7669
RNCP32150/RNCP38706;9031
RNCP32152/RNCP38468;7419
RNCP32160;7166
RNCP32161/RNCP36988;6534
RNCP32166/RNCP38697;7282
RNCP32167;7317
RNCP32168/RNCP39379;10800
RNCP32169/RNCP38698;7772
RNCP32170/RNCP38700;5743
RNCP32171/RNCP38699;6509
RNCP32172/RNCP38834;7377
RNCP32173/RNCP36076/RNCP38145;7454
RNCP32176/RNCP38488;7060
RNCP32180/RNCP38493;7727
RNCP32188/RNCP38809;8668
RNCP32190/RNCP36139;7560
RNCP32192;8233
RNCP32196/RNCP37652;8893
RNCP32198/RNCP36460;8900
RNCP32199/RNCP37348;8544
RNCP32203;7900
RNCP32218/RNCP36150/RNCP39856;8979
RNCP32220/RNCP38582;9878
RNCP32222;7910
RNCP32224/RNCP38334;10180
RNCP32226/RNCP38336;9858
RNCP32227/RNCP38462;8696
RNCP32228/RNCP37539;6302
RNCP32229;7840
RNCP32230/RNCP38724;9164
RNCP32231/RNCP38727;6660
RNCP32235/RNCP38740;6930
RNCP32238/RNCP38309;7465
RNCP32239/RNCP38725;6895
RNCP32240/RNCP38715;9287
RNCP32241/RNCP38726;6660
RNCP32249/RNCP38099;6308
RNCP32250/RNCP38100;6875
RNCP32251/RNCP38098;7121
RNCP32268;7822
RNCP32276/RNCP38203;6517
RNCP32277/RNCP39025;7020
RNCP32278/RNCP38200;6864
RNCP32279/RNCP38157;8524
RNCP32291/RNCP38676;5607
RNCP32297/RNCP38561;9300
RNCP32298/RNCP38089/RNCP38679;9725
RNCP32299/RNCP38668;8624
RNCP32300/RNCP38088/RNCP38678;9158
RNCP32301/RNCP38091/RNCP38680;9000
RNCP32302/RNCP38269;8217
RNCP32340/RNCP38665;7857
RNCP32342/RNCP38547;7396
RNCP32349;8855
RNCP32350/RNCP38662;7272
RNCP32351/RNCP38548;5736
RNCP32360/RNCP38363;7197
RNCP32362;7695
RNCP32367/RNCP36325;8518
RNCP32369/RNCP39927;6802
RNCP32388;6750
RNCP32477;8260
RNCP34000/RNCP39864;6690
RNCP34001;7921
RNCP34015/RNCP37707;8763
RNCP34017/RNCP38594;8566
RNCP34019/RNCP38827;8991
RNCP34020/RNCP39373;9435
RNCP34021/RNCP39626;6930
RNCP34022/RNCP38478;9770
RNCP34023/RNCP38315;7954
RNCP34024/RNCP39136;8668
RNCP34025/RNCP39295;7888
RNCP34026/RNCP38981;8304
RNCP34029/RNCP38364;7629
RNCP34030/RNCP38368;7650
RNCP34031/RNCP38362;6450
RNCP34034/RNCP38542;10364
RNCP34036/RNCP38173;7399
RNCP34037/RNCP38968;7994
RNCP34039/RNCP39493;7695
RNCP34040/RNCP39688;5630
RNCP34047;7170
RNCP34048;7800
RNCP34049/RNCP38826;8118
RNCP34050/RNCP36652;6439
RNCP34051/RNCP39222;9706
RNCP34053/RNCP39370;10064
RNCP34054/RNCP36648;6318
RNCP34055/RNCP39255;7196
RNCP34056/RNCP38937;8235
RNCP34057/RNCP38927;7420
RNCP34060;8583
RNCP34061/RNCP39098;7746
RNCP34062/RNCP39385;7203
RNCP34064/RNCP39782;6442
RNCP34065/RNCP36878/RNCP39887;8281
RNCP34066/RNCP39618;7868
RNCP34067/RNCP38995;8978
RNCP34069/RNCP38682;8109
RNCP34070/RNCP39265;8576
RNCP34071/RNCP38971;9442
RNCP34072/RNCP38170;9372
RNCP34073/RNCP39506;7120
RNCP34074/RNCP39194;9000
RNCP34075/RNCP39433;9230
RNCP34076/RNCP37464;10400
RNCP34077/RNCP38355;7912
RNCP34078/RNCP39038;7904
RNCP34079/RNCP39063;8302
RNCP34080/RNCP38165;6584
RNCP34081/RNCP39011;7951
RNCP34083/RNCP38205;8752
RNCP34084/RNCP38166;7747
RNCP34085/RNCP38196;8280
RNCP34086/RNCP39020;7904
RNCP34087/RNCP38163;8081
RNCP34088/RNCP38169;8541
RNCP34089/RNCP38172;8140
RNCP34090;7189
RNCP34092/RNCP39184;8769
RNCP34093/RNCP39509;7761
RNCP34094/RNCP38179;8560
RNCP34095/RNCP38722;7641
RNCP34096/RNCP39466;5918
RNCP34097/RNCP39281;7571
RNCP34098/RNCP38198;6876
RNCP34099/RNCP39197;8571
RNCP34100/RNCP39503;7811
RNCP34101/RNCP39263;7999
RNCP34102/RNCP38989;7250
RNCP34103/RNCP38686;7236
RNCP34104/RNCP39294;6842
RNCP34105/RNCP38195;8600
RNCP34106/RNCP38707;8586
RNCP34107/RNCP38180;7020
RNCP34108/RNCP38158;7680
RNCP34109/RNCP38167;7290
RNCP34110/RNCP38705;10333
RNCP34111/RNCP38688;8500
RNCP34112/RNCP38704;9000
RNCP34113/RNCP38690;8500
RNCP34114/RNCP38993;7927
RNCP34115/RNCP38685;12000
RNCP34116/RNCP39280;9000
RNCP34117/RNCP38687;8609
RNCP34118/RNCP38684;7450
RNCP34119/RNCP38683;8594
RNCP34120/RNCP39279;8500
RNCP34121/RNCP38171;8452
RNCP34122/RNCP38197;8550
RNCP34123/RNCP38206;7145
RNCP34124/RNCP38973;7470
RNCP34125/RNCP38997;8512
RNCP34126/RNCP39278;8448
RNCP34127/RNCP38159;8393
RNCP34128/RNCP38168;7650
RNCP34129/RNCP38964;7345
RNCP34130/RNCP38176;8209
RNCP34131;6852
RNCP34132/RNCP39040;7419
RNCP34133/RNCP39403;7333
RNCP34134;7157
RNCP34135/RNCP39182;8622
RNCP34136/RNCP39132;7851
RNCP34137/RNCP39181;6733
RNCP34138/RNCP39177;7496
RNCP34139/RNCP38744;7449
RNCP34140/RNCP39006;7860
RNCP34141/RNCP38751;6773
RNCP34142/RNCP38749;7212
RNCP34143/RNCP38667;6750
RNCP34144;8374
RNCP34145/RNCP39084;9731
RNCP34146/RNCP39176;9667
RNCP34147/RNCP38718;6591
RNCP34148/RNCP39083;8809
RNCP34149/RNCP39174;8050
RNCP34150/RNCP39186;6580
RNCP34151/RNCP38969;9000
RNCP34152/RNCP38972;8878
RNCP34153/RNCP38210;7102
RNCP34154/RNCP39185;6498
RNCP34155/RNCP39811;9116
RNCP34156/RNCP39496;5840
RNCP34157/RNCP38870;8335
RNCP34158/RNCP39180;9411
RNCP34159/RNCP38748;7650
RNCP34161;5838
RNCP34164/RNCP38602;7827
RNCP34166/RNCP38933;7960
RNCP34167/RNCP39602;7566
RNCP34171/RNCP39615;8834
RNCP34179/RNCP36743;7200
RNCP34184/RNCP39122;7242
RNCP34186/RNCP36467;10953
RNCP34187/RNCP38952;12000
RNCP34188;7910
RNCP34190/RNCP38941;8595
RNCP34195/RNCP36727;6723
RNCP34196/RNCP39578;8580
RNCP34198/RNCP38945;11466
RNCP34201/RNCP39238;7002
RNCP34203;6696
RNCP34205;7083
RNCP34206;7765
RNCP34208/RNCP39364;7920
RNCP34214/RNCP38314;6300
RNCP34215;8200
RNCP34216/RNCP39199;7717
RNCP34217/RNCP38696;8497
RNCP34218/RNCP39457;8880
RNCP34220/RNCP39486;8650
RNCP34221/RNCP38299;8500
RNCP34222/RNCP39041;8789
RNCP34223/RNCP37194;7882
RNCP34224;7650
RNCP34225/RNCP38162;6764
RNCP34226/RNCP38296;8000
RNCP34227/RNCP39857;12267
RNCP34228;8668
RNCP34230;9966
RNCP34231/RNCP39353;9966
RNCP34232/RNCP37090;10000
RNCP34234;8016
RNCP34237/RNCP39394;7146
RNCP34238/RNCP37158/RNCP39112;8452
RNCP34240;9542
RNCP34241/RNCP39363;7700
RNCP34242/RNCP37155/RNCP39595;7776
RNCP34243;7700
RNCP34245/RNCP39367;7613
RNCP34246;7616
RNCP34247/RNCP39221;5290
RNCP34249/RNCP39399;7350
RNCP34250/RNCP39606;7452
RNCP34251/RNCP37821;7353
RNCP34253/RNCP39623;7321
RNCP34254;9890
RNCP34255/RNCP39101;7553
RNCP34259;5948
RNCP34261;7640
RNCP34262;8741
RNCP34267/RNCP39234;6324
RNCP34268/RNCP39494;7500
RNCP34269/RNCP37668/RNCP39165;10199
RNCP34270/RNCP39012;9000
RNCP34271/RNCP38965;7416
RNCP34272/RNCP38966;6682
RNCP34273/RNCP39426;6929
RNCP34274;8020
RNCP34275/RNCP38332;6505
RNCP34277/RNCP38335;6648
RNCP34280/RNCP39408;6962
RNCP34281/RNCP37320;7617
RNCP34282/RNCP38746;7408
RNCP34283/RNCP38549;9548
RNCP34284;6809
RNCP34285/RNCP39282;6419
RNCP34286/RNCP39536;5889
RNCP34289/RNCP39179;7500
RNCP34290/RNCP39537;6650
RNCP34291/RNCP39311;7650
RNCP34292/RNCP38182;8161
RNCP34293/RNCP39193;6400
RNCP34294/RNCP39013;8400
RNCP34295/RNCP39890;9000
RNCP34296/RNCP39059;7385
RNCP34298/RNCP39777;7554
RNCP34302;8400
RNCP34303;7960
RNCP34304/RNCP39761;8317
RNCP34305/RNCP39598;7194
RNCP34306/RNCP37415;8290
RNCP34307/RNCP39258;8165
RNCP34310/RNCP37650;7354
RNCP34311/RNCP36644;6090
RNCP34312;9049
RNCP34313;6305
RNCP34314/RNCP37260;7725
RNCP34316;7868
RNCP34317;6932
RNCP34319;6201
RNCP34324/RNCP39745;5931
RNCP34326;6173
RNCP34328;8644
RNCP34330/RNCP39742;8670
RNCP34333;8097
RNCP34335/RNCP36847;8875
RNCP34336/RNCP39794;6599
RNCP34337/RNCP39845;9810
RNCP34338/RNCP39400;10300
RNCP34340;8073
RNCP34341/RNCP39359;8952
RNCP34343;6992
RNCP34344/RNCP36990;8765
RNCP34345/RNCP39605;6932
RNCP34348/RNCP37337;9184
RNCP34349/RNCP39861;7105
RNCP34350/RNCP39386;7884
RNCP34352;6472
RNCP34353/RNCP37663;7900
RNCP34354/RNCP37629;7740
RNCP34355;6012
RNCP34356/RNCP39885;10980
RNCP34357;6865
RNCP34359/RNCP37259;8668
RNCP34361;7702
RNCP34362;8832
RNCP34363;7372
RNCP34364;7644
RNCP34369;12511
RNCP34372/RNCP39792;10454
RNCP34374;7463
RNCP34375/RNCP37530;7004
RNCP34378;7200
RNCP34380;6327
RNCP34386;7910
RNCP34389/RNCP39748;7866
RNCP34391/RNCP38913;8700
RNCP34393/RNCP37273;8190
RNCP34394;7310
RNCP34395;9112
RNCP34396;8759
RNCP34397;6023
RNCP34399;7850
RNCP34401;8119
RNCP34403;8149
RNCP34407/RNCP39781;8638
RNCP34408/RNCP39765;8137
RNCP34409;7508
RNCP34412;9480
RNCP34413;6340
RNCP34414/RNCP37531;7037
RNCP34416/RNCP36911;7680
RNCP34417;6548
RNCP34420;7358
RNCP34421/RNCP39533;7903
RNCP34422/RNCP39534;7560
RNCP34423/RNCP39195;9387
RNCP34424/RNCP39004;6487
RNCP34425;6852
RNCP34426/RNCP39264;8063
RNCP34427/RNCP39198;8592
RNCP34428/RNCP39009;7600
RNCP34429/RNCP39459;8271
RNCP34430/RNCP39789;7267
RNCP34431/RNCP39430;7725
RNCP34432/RNCP39404;7194
RNCP34433/RNCP38967;6679
RNCP34434/RNCP39463;7633
RNCP34435/RNCP38193;8445
RNCP34436/RNCP39172;7470
RNCP34437/RNCP39462;7300
RNCP34438/RNCP38689;7432
RNCP34439/RNCP39314;6579
RNCP34440/RNCP39014;8668
RNCP34441;8404
RNCP34442/RNCP38985;10841
RNCP34444/RNCP38886;9500
RNCP34451/RNCP38572;7979
RNCP34452/RNCP36791/RNCP37969;9715
RNCP34453;7835
RNCP34454;6898
RNCP34455/RNCP38047;8664
RNCP34456;8600
RNCP34457;7663
RNCP34458;7500
RNCP34460;10358
RNCP34463;12000
RNCP34464;6842
RNCP34465;6159
RNCP34467;8426
RNCP34471;9013
RNCP34474/RNCP39851;8624
RNCP34475;7800
RNCP34476;7844
RNCP34478;7369
RNCP34479/RNCP36662;7718
RNCP34483/RNCP37270;6925
RNCP34484;7700
RNCP34485/RNCP37664;8468
RNCP34486;7140
RNCP34487;7514
RNCP34489/RNCP37616;7726
RNCP34491/RNCP37414;6731
RNCP34494/RNCP37335;6214
RNCP34495/RNCP36066/RNCP39604;7654
RNCP34496/RNCP36405;7213
RNCP34498/RNCP37421;8294
RNCP34499;6386
RNCP34500/RNCP37617;7726
RNCP34502;8651
RNCP34503;6433
RNCP34504;8425
RNCP34505;8622
RNCP34506;16630
RNCP34507;6825
RNCP34509;8452
RNCP34516;7810
RNCP34518/RNCP38291;6473
RNCP34534;7801
RNCP34535/RNCP37611;11306
RNCP34536/RNCP37634;16020
RNCP34537;6752
RNCP34538/RNCP37065;7906
RNCP34541/RNCP39498;8350
RNCP34543;8502
RNCP34545/RNCP37431/RNCP39775;7085
RNCP34546;7621
RNCP34547/RNCP39070;9500
RNCP34548/RNCP39077;8500
RNCP34549/RNCP39071;9650
RNCP34550/RNCP39079;9180
RNCP34551/RNCP39074;9618
RNCP34552/RNCP39080;10268
RNCP34553/RNCP39069;8720
RNCP34554/RNCP39076;9377
RNCP34555/RNCP39072;6767
RNCP34556/RNCP39078;9000
RNCP34558;7434
RNCP34561;8407
RNCP34564/RNCP37660;9010
RNCP34565;5973
RNCP34567/RNCP38837;8500
RNCP34568;7339
RNCP34569;6828
RNCP34570/RNCP37064;8141
RNCP34571;9337
RNCP34573/RNCP36978;5138
RNCP34574/RNCP37777;7868
RNCP34576/RNCP37528;6067
RNCP34577;6805
RNCP34579;7448
RNCP34580;5310
RNCP34581;6633
RNCP34583;9125
RNCP34584;8000
RNCP34585/RNCP37830;7333
RNCP34586/RNCP39766;8281
RNCP34588;8657
RNCP34589;7358
RNCP34590/RNCP37815;8000
RNCP34592;6851
RNCP34595/RNCP37846;8118
RNCP34599/RNCP36875/RNCP39348;7882
RNCP34602;7295
RNCP34605;9225
RNCP34606;6480
RNCP34607/RNCP39270;8684
RNCP34609/RNCP39428;7604
RNCP34610;9549
RNCP34611/RNCP39007;7102
RNCP34612;9112
RNCP34613/RNCP36715;8641
RNCP34615;8707
RNCP34616/RNCP36876;8311
RNCP34618;6522
RNCP34620;8100
RNCP34625;6384
RNCP34627;6240
RNCP34628;6955
RNCP34630;7864
RNCP34631;7218
RNCP34632/RNCP37771;8749
RNCP34636;8900
RNCP34637;8199
RNCP34638/RNCP37630;8668
RNCP34639;6398
RNCP34640/RNCP38112;9000
RNCP34642;7501
RNCP34643/RNCP39111;7918
RNCP34644;6719
RNCP34647;8360
RNCP34648/RNCP38033;10119
RNCP34649;6700
RNCP34650;7700
RNCP34651/RNCP39738;10141
RNCP34652;9681
RNCP34653;9414
RNCP34654;7541
RNCP34657;7822
RNCP34658/RNCP39520;7727
RNCP34659;8779
RNCP34660/RNCP39519;6840
RNCP34661/RNCP39075;10800
RNCP34663/RNCP37402/RNCP39081;8750
RNCP34664/RNCP37440;10450
RNCP34665/RNCP36669;9962
RNCP34667/RNCP39406;6900
RNCP34668/RNCP37587/RNCP39128;8384
RNCP34669/RNCP37392/RNCP39307;8591
RNCP34670/RNCP39266;5211
RNCP34671/RNCP39291;5765
RNCP34672/RNCP39704;5191
RNCP34673/RNCP39542;9000
RNCP34674;9376
RNCP34675;7721
RNCP34676/RNCP38333;7188
RNCP34677;7758
RNCP34679/RNCP38448;6580
RNCP34680/RNCP36555;7900
RNCP34682;11163
RNCP34684;8622
RNCP34685;7857
RNCP34686;7668
RNCP34687/RNCP37055;6500
RNCP34688/RNCP38124;10449
RNCP34689/RNCP37418;6480
RNCP34690/RNCP37780;6178
RNCP34691/RNCP37795;5838
RNCP34692/RNCP37792;6178
RNCP34694/RNCP39587;8654
RNCP34695;7772
RNCP34697;7420
RNCP34699;7836
RNCP34700;6881
RNCP34701;8668
RNCP34704;7772
RNCP34706/RNCP37803;9475
RNCP34708;8072
RNCP34710;7036
RNCP34712/RNCP37866;7554
RNCP34714/RNCP38146;7766
RNCP34716;8303
RNCP34718;9788
RNCP34719;8100
RNCP34721;7667
RNCP34722;7562
RNCP34723/RNCP39588;6495
RNCP34727/RNCP37069;5820
RNCP34729;6077
RNCP34730/RNCP37864;8752
RNCP34731/RNCP37851;8759
RNCP34732;8749
RNCP34734;7584
RNCP34735;7500
RNCP34736/RNCP38330;6873
RNCP34737;7015
RNCP34738;8640
RNCP34739;9000
RNCP34740;8096
RNCP34741/RNCP37925;9922
RNCP34742/RNCP39510;6406
RNCP34744;9069
RNCP34745/RNCP38569/RNCP39935;9668
RNCP34746/RNCP39073;8602
RNCP34747/RNCP37812;9000
RNCP34748/RNCP38234;7320
RNCP34749/RNCP38957;9000
RNCP34751;10050
RNCP34752;8690
RNCP34753/RNCP38872;7196
RNCP34754/RNCP39008;7196
RNCP34755/RNCP37903;9110
RNCP34756/RNCP39553;8465
RNCP34757/RNCP37827;6844
RNCP34758;7146
RNCP34759;8352
RNCP34760/RNCP37252;8668
RNCP34761/RNCP37435;9500
RNCP34762/RNCP39568;11000
RNCP34764/RNCP38235;7772
RNCP34770;8069
RNCP34771/RNCP36893;8237
RNCP34775/RNCP37863;6885
RNCP34776;8668
RNCP34777;7839
RNCP34780;8100
RNCP34784/RNCP37147;7170
RNCP34786;7151
RNCP34788;10875
RNCP34789;7813
RNCP34790/RNCP37798;8099
RNCP34791;8400
RNCP34792/RNCP38527;7936
RNCP34793/RNCP39734;9000
RNCP34794;5838
RNCP34796/RNCP37842;7653
RNCP34798;7994
RNCP34799;6402
RNCP34800/RNCP37751;6847
RNCP34801/RNCP37502;7877
RNCP34802/RNCP38006;7307
RNCP34803;8500
RNCP34806;5015
RNCP34807/RNCP37618;10036
RNCP34808;7783
RNCP34809;9400
RNCP34810/RNCP39865;6844
RNCP34811/RNCP37515;7604
RNCP34812;6940
RNCP34813/RNCP37766;7560
RNCP34814;7500
RNCP34816;7951
RNCP34820/RNCP39271;10626
RNCP34821;7829
RNCP34822;6500
RNCP34824/RNCP37675;8192
RNCP34825/RNCP37676;7606
RNCP34826/RNCP37678;6480
RNCP34827/RNCP37679;7170
RNCP34828/RNCP37677;6663
RNCP34829/RNCP37573;7669
RNCP34830/RNCP38217;12756
RNCP34831;7000
RNCP34832/RNCP38983;8402
RNCP34833;6685
RNCP34834;7609
RNCP34835;6500
RNCP34836/RNCP38204;7729
RNCP34837;7502
RNCP34838;8000
RNCP34839;8294
RNCP34840/RNCP39019;8566
RNCP34841/RNCP38694;7835
RNCP34842/RNCP38298;7308
RNCP34843/RNCP39016;8584
RNCP34844/RNCP39015;7814
RNCP34845/RNCP39024;7611
RNCP34846/RNCP39001;7225
RNCP34847;7771
RNCP34848;7472
RNCP34849/RNCP38209;8113
RNCP34850;7345
RNCP34851;7904
RNCP34852;8100
RNCP34853/RNCP38207;4500
RNCP34854;5807
RNCP34856;7617
RNCP34857;7484
RNCP34858;8730
RNCP34859;11120
RNCP34860;6600
RNCP34861/RNCP38529;8688
RNCP34863/RNCP38747;8033
RNCP34866;8550
RNCP34867;9000
RNCP34870/RNCP37923;10261
RNCP34871;9086
RNCP34872/RNCP36975/RNCP37474;8500
RNCP34873;8304
RNCP34875;7835
RNCP34876;6729
RNCP34878/RNCP37689;7300
RNCP34881;10149
RNCP34882;10165
RNCP34883/RNCP37545/RNCP39283;7086
RNCP34884/RNCP39422;7825
RNCP34885/RNCP36549;8112
RNCP34886;8470
RNCP34887;8737
RNCP34888;9492
RNCP34889/RNCP37290;8122
RNCP34890/RNCP37291;7626
RNCP34891/RNCP37974;7873
RNCP34892/RNCP38092;9840
RNCP34893/RNCP38014;7560
RNCP34894/RNCP38021;12000
RNCP34895;6473
RNCP34897;6923
RNCP34898/RNCP37637;9000
RNCP34899/RNCP38773;7775
RNCP34901;8262
RNCP34904;6403
RNCP34905;8794
RNCP34907/RNCP37997;7170
RNCP34908;7758
RNCP34909/RNCP36877;7110
RNCP34911;7604
RNCP34912;8668
RNCP34914/RNCP38024;10782
RNCP34915;9000
RNCP34918/RNCP37279;8763
RNCP34919;8207
RNCP34921;7211
RNCP34922;7145
RNCP34923;6977
RNCP34924/RNCP36598;7960
RNCP34925/RNCP36660;7650
RNCP34926/RNCP37625;7604
RNCP34927;5958
RNCP34928/RNCP38039;8342
RNCP34930/RNCP38470;6075
RNCP34943;8760
RNCP34944/RNCP36403;6207
RNCP34945/RNCP38510;6878
RNCP34947;5850
RNCP34950/RNCP36763/RNCP39677;6844
RNCP34952/RNCP39650;8792
RNCP34953/RNCP37886/RNCP39160;12000
RNCP34954;7754
RNCP34955/RNCP37957;10408
RNCP34956/RNCP38431;7369
RNCP34962;8884
RNCP34964/RNCP37837;6840
RNCP34965;7000
RNCP34967/RNCP38046;8620
RNCP34968;6569
RNCP34969;6647
RNCP34971/RNCP38049;7813
RNCP34975/RNCP38290;8615
RNCP34976;7222
RNCP34977/RNCP38505;8600
RNCP34979/RNCP36912;8668
RNCP34980/RNCP37998;8750
RNCP34981;8668
RNCP34983/RNCP38113;7481
RNCP34986/RNCP36873;7279
RNCP34990;8765
RNCP34992;9157
RNCP34993;6932
RNCP34994/RNCP39884;6885
RNCP34995/RNCP38136;11740
RNCP34997;7960
RNCP34998;8058
RNCP34999;6029
RNCP35000;8680
RNCP35001/RNCP38509;8500
RNCP35003/RNCP37643;7557
RNCP35005;7856
RNCP35007;7165
RNCP35008;7100
RNCP35009/RNCP39675;7368
RNCP35010;6050
RNCP35011;8689
RNCP35013;6827
RNCP35015;7960
RNCP35019;11000
RNCP35021/RNCP38148;7910
RNCP35025;7290
RNCP35026/RNCP36101;6375
RNCP35027;7281
RNCP35028;6852
RNCP35029/RNCP36792;10730
RNCP35030;8195
RNCP35031;6536
RNCP35042;7604
RNCP35044;6112
RNCP35045/RNCP38164;7951
RNCP35046/RNCP39196;6300
RNCP35047/RNCP38178;7000
RNCP35048/RNCP38177;7301
RNCP35049/RNCP39171;8413
RNCP35050/RNCP39461;9762
RNCP35051/RNCP39689;6375
RNCP35055;8500
RNCP35056/RNCP38044;7471
RNCP35057/RNCP38043;6357
RNCP35061/RNCP38019;7255
RNCP35062/RNCP38520;7173
RNCP35063/RNCP37056;7813
RNCP35065/RNCP39852;8400
RNCP35067;9990
RNCP35072/RNCP36895;8668
RNCP35077;7290
RNCP35078;8837
RNCP35079;8500
RNCP35080;8055
RNCP35086;8684
RNCP35088/RNCP38280;6888
RNCP35089;9260
RNCP35093;7702
RNCP35094/RNCP38037;7508
RNCP35095;8421
RNCP35097;7674
RNCP35098/RNCP38002;7772
RNCP35099/RNCP38609;7290
RNCP35100;7968
RNCP35103;7170
RNCP35104;7910
RNCP35105;7900
RNCP35106;7695
RNCP35107;10064
RNCP35112/RNCP38062;9900
RNCP35113;6701
RNCP35114;10150
RNCP35115;11673
RNCP35117/RNCP36094;9429
RNCP35121/RNCP36755;7940
RNCP35122;10861
RNCP35124/RNCP37263;8299
RNCP35125/RNCP36123/RNCP38489;8370
RNCP35126/RNCP37619;6547
RNCP35130/RNCP36624/RNCP38922;7020
RNCP35131;10861
RNCP35133/RNCP38511;6971
RNCP35135;6844
RNCP35137/RNCP37417;7868
RNCP35140;7813
RNCP35141/RNCP38616;7752
RNCP35143/RNCP39087;6735
RNCP35144;7650
RNCP35146;8909
RNCP35148;6489
RNCP35149;7604
RNCP35150;6640
RNCP35151;7331
RNCP35152;6989
RNCP35153;8034
RNCP35154/RNCP39721;8518
RNCP35155/RNCP38916;7837
RNCP35156/RNCP38912;9437
RNCP35157/RNCP38923;8303
RNCP35159;8193
RNCP35161/RNCP38625;7872
RNCP35162/RNCP38439;7712
RNCP35163/RNCP38260;10980
RNCP35164;8698
RNCP35165/RNCP38045;8050
RNCP35167/RNCP38581;12000
RNCP35173/RNCP38825;9000
RNCP35175/RNCP38868;9000
RNCP35176/RNCP37970;9056
RNCP35177/RNCP39481;8850
RNCP35178;7962
RNCP35179;6813
RNCP35180;8343
RNCP35181;7443
RNCP35182;7650
RNCP35185;7349
RNCP35187/RNCP37278/RNCP39892;11090
RNCP35188;8186
RNCP35189;6447
RNCP35190;8094
RNCP35191;10360
RNCP35192/RNCP38669;9620
RNCP35193;8441
RNCP35194/RNCP36964;7464
RNCP35195/RNCP39511;8564
RNCP35196/RNCP39036;6201
RNCP35197;9157
RNCP35198/RNCP38437;8407
RNCP35199;8656
RNCP35201;6726
RNCP35202;7650
RNCP35203;7300
RNCP35204/RNCP38508;13750
RNCP35205/RNCP38486;13847
RNCP35206/RNCP38003;8700
RNCP35207/RNCP37079;7714
RNCP35208;6885
RNCP35209;6844
RNCP35210;8500
RNCP35211/RNCP38925;10000
RNCP35213;7967
RNCP35214;7610
RNCP35215;6888
RNCP35217/RNCP37077/RNCP38935;7530
RNCP35218/RNCP39095;5400
RNCP35219;7699
RNCP35225;8501
RNCP35227;6590
RNCP35228;7477
RNCP35229;9900
RNCP35230/RNCP38224;9436
RNCP35231;7360
RNCP35232;6893
RNCP35233;6733
RNCP35234;7315
RNCP35242/RNCP37946;9466
RNCP35244/RNCP36553/RNCP39100;7700
RNCP35246/RNCP38806;8655
RNCP35247;7800
RNCP35248/RNCP36202;8086
RNCP35250;10358
RNCP35251/RNCP39589;8181
RNCP35252;6547
RNCP35254/RNCP38603;8255
RNCP35255/RNCP38584;8407
RNCP35256/RNCP39395;7650
RNCP35257/RNCP37269;6257
RNCP35259;7798
RNCP35260/RNCP38592;9150
RNCP35261;5564
RNCP35262;9350
RNCP35266;7336
RNCP35267/RNCP38516;7844
RNCP35268;7605
RNCP35269;8407
RNCP35272/RNCP38774;9649
RNCP35273/RNCP38905;6275
RNCP35274;8147
RNCP35275;8407
RNCP35280;7073
RNCP35284;7505
RNCP35285;8600
RNCP35286;7834
RNCP35288;8195
RNCP35289/RNCP38274;9467
RNCP35292/RNCP38454;9359
RNCP35294;7080
RNCP35295;7632
RNCP35296/RNCP38720;6557
RNCP35297;11156
RNCP35298;7258
RNCP35299;7259
RNCP35300/RNCP38078;7200
RNCP35301;7088
RNCP35302/RNCP39178;6385
RNCP35303;5838
RNCP35304;7650
RNCP35306/RNCP38550;7059
RNCP35307;8730
RNCP35308;9697
RNCP35309;6554
RNCP35310;8502
RNCP35311;9568
RNCP35312;7000
RNCP35313/RNCP37722;9010
RNCP35314;13000
RNCP35315;7604
RNCP35316/RNCP38765;6342
RNCP35317;6979
RNCP35319/RNCP39032;6192
RNCP35320;7626
RNCP35321/RNCP39512;7201
RNCP35322/RNCP39060;9119
RNCP35323/RNCP36268/RNCP38750;8000
RNCP35324/RNCP37988;7604
RNCP35326/RNCP38071;10546
RNCP35330;6900
RNCP35331/RNCP37890;7664
RNCP35332/RNCP37378;10407
RNCP35333/RNCP38416;11250
RNCP35334/RNCP37405;10861
RNCP35335;11483
RNCP35336/RNCP38218;9739
RNCP35337/RNCP39085;9000
RNCP35338/RNCP36968;10500
RNCP35339/RNCP37889;11093
RNCP35340;7966
RNCP35341/RNCP37391;9002
RNCP35342/RNCP38672;9265
RNCP35343/RNCP37465;9366
RNCP35344/RNCP37964;9450
RNCP35345/RNCP37956;8797
RNCP35346;10108
RNCP35347/RNCP37374;11115
RNCP35348;6976
RNCP35349/RNCP37710;8400
RNCP35350;8035
RNCP35351;8000
RNCP35352;8035
RNCP35353;7910
RNCP35354;6903
RNCP35355;7412
RNCP35356;7850
RNCP35357;7470
RNCP35358;7467
RNCP35359;8078
RNCP35360;7910
RNCP35361;7800
RNCP35362;7604
RNCP35363;7889
RNCP35364;8196
RNCP35365;7800
RNCP35366;8160
RNCP35367;8688
RNCP35368;9000
RNCP35369;8750
RNCP35370;8700
RNCP35371;8130
RNCP35372;9000
RNCP35373;8100
RNCP35374;8700
RNCP35375;7980
RNCP35376;7800
RNCP35377;7816
RNCP35378;7800
RNCP35379;8000
RNCP35380/RNCP39328;6296
RNCP35382;7604
RNCP35384/RNCP38216;10350
RNCP35385/RNCP37115;12090
RNCP35386;7850
RNCP35387;7065
RNCP35388;7868
RNCP35389;7081
RNCP35390;7988
RNCP35391;7802
RNCP35392/RNCP38739;8909
RNCP35393;8341
RNCP35394/RNCP38543;8782
RNCP35395;7801
RNCP35396/RNCP39183;7426
RNCP35397;6830
RNCP35398;9021
RNCP35399;7120
RNCP35400/RNCP38365;8715
RNCP35401;7900
RNCP35402;7868
RNCP35403;8600
RNCP35404;8640
RNCP35405;7176
RNCP35406;7900
RNCP35407;8343
RNCP35408;8760
RNCP35409;7597
RNCP35414;10250
RNCP35416;8205
RNCP35417;7650
RNCP35419;8407
RNCP35420/RNCP38915;24339
RNCP35422/RNCP36879;6711
RNCP35425;11480
RNCP35429;6584
RNCP35430;10500
RNCP35433;7470
RNCP35435;9000
RNCP35436/RNCP38498;8385
RNCP35438;6605
RNCP35441/RNCP38496;6579
RNCP35442/RNCP38440;8000
RNCP35443;7754
RNCP35444/RNCP38829;16491
RNCP35448/RNCP39107;8739
RNCP35450/RNCP38587;7943
RNCP35451;7658
RNCP35452;8668
RNCP35455;7800
RNCP35456;7900
RNCP35457;7868
RNCP35458;7081
RNCP35459/RNCP38366;10455
RNCP35460/RNCP38367;8910
RNCP35461/RNCP37495;8400
RNCP35462;6631
RNCP35463;8370
RNCP35464;7500
RNCP35465;7340
RNCP35466;7900
RNCP35467;8101
RNCP35468/RNCP36777;8500
RNCP35469/RNCP36776;8199
RNCP35471/RNCP38383;7560
RNCP35472/RNCP38859;9000
RNCP35473/RNCP38359;9037
RNCP35474/RNCP38421;9307
RNCP35475;7020
RNCP35476;7800
RNCP35477;7868
RNCP35478;7702
RNCP35479;7750
RNCP35480;7750
RNCP35481;6750
RNCP35482;8181
RNCP35483;9200
RNCP35484;8873
RNCP35485;8225
RNCP35486;8485
RNCP35487;8650
RNCP35488;8441
RNCP35489;8650
RNCP35490/RNCP38419;10219
RNCP35491;7675
RNCP35492;7121
RNCP35493;7604
RNCP35494;8270
RNCP35495;9024
RNCP35496;9000
RNCP35497;9000
RNCP35498;7246
RNCP35499;8236
RNCP35500;7800
RNCP35501;7808
RNCP35502;7079
RNCP35503;8541
RNCP35504;5800
RNCP35505;6881
RNCP35506/RNCP37715;5828
RNCP35507;6809
RNCP35508;6904
RNCP35509;5563
RNCP35510;6000
RNCP35511;7604
RNCP35512;7087
RNCP35513;8700
RNCP35514;6782
RNCP35515;8433
RNCP35516;8057
RNCP35517;7632
RNCP35519;8528
RNCP35520/RNCP39547;10878
RNCP35521/RNCP39159;7616
RNCP35522/RNCP38382;9450
RNCP35523/RNCP39153;8438
RNCP35524;7839
RNCP35525;7600
RNCP35526;7183
RNCP35527;12000
RNCP35528/RNCP38719;7988
RNCP35530;8500
RNCP35532;6722
RNCP35534/RNCP39875;6286
RNCP35535;7317
RNCP35536/RNCP38832;7380
RNCP35538;7449
RNCP35539;7500
RNCP35540;7470
RNCP35541;9229
RNCP35542;8282
RNCP35544;8407
RNCP35545/RNCP38768;6932
RNCP35546;6827
RNCP35547/RNCP38141;6863
RNCP35550;7772
RNCP35551;6900
RNCP35552;6900
RNCP35558;6260
RNCP35559;8181
RNCP35560;7519
RNCP35561;7800
RNCP35562/RNCP37516;6534
RNCP35564/RNCP38618;8138
RNCP35565;9967
RNCP35566/RNCP36423;9788
RNCP35567;9000
RNCP35568;9000
RNCP35569/RNCP37400;8622
RNCP35572/RNCP38161;8583
RNCP35574;7702
RNCP35580;8353
RNCP35582/RNCP39092;7956
RNCP35584;7199
RNCP35585;8186
RNCP35587;6237
RNCP35588/RNCP38779;7611
RNCP35590;9137
RNCP35591/RNCP37845;8609
RNCP35592;10064
RNCP35593;7407
RNCP35594;10300
RNCP35595;7372
RNCP35598;8407
RNCP35600/RNCP39581;9725
RNCP35601/RNCP38282;6949
RNCP35602/RNCP38596;8353
RNCP35604;7038
RNCP35605;7702
RNCP35606/RNCP36559/RNCP38324;8760
RNCP35607/RNCP38601;7495
RNCP35608;6683
RNCP35609;8668
RNCP35611/RNCP39356;7315
RNCP35612/RNCP38951;8583
RNCP35613;5843
RNCP35614/RNCP37758;6854
RNCP35617/RNCP37529;6750
RNCP35619;7702
RNCP35620/RNCP38778;7742
RNCP35621/RNCP37345;7750
RNCP35633/RNCP37948;6759
RNCP35634;7604
RNCP35638/RNCP38223;8402
RNCP35639;8564
RNCP35640;6050
RNCP35642/RNCP39668;9000
RNCP35643/RNCP36813;8692
RNCP35644/RNCP36321;10134
RNCP35645/RNCP39545;7702
RNCP35646/RNCP38575;6930
RNCP35650/RNCP38663;7827
RNCP35651;9154
RNCP35652;7711
RNCP35653/RNCP39261;7653
RNCP35656;6578
RNCP35657;8700
RNCP35658;10065
RNCP35659/RNCP39089;7794
RNCP35660;8696
RNCP35661;7001
RNCP35662;7857
RNCP35663;8300
RNCP35664;8287
RNCP35667;7813
RNCP35669/RNCP37983;7253
RNCP35670/RNCP37984;8105
RNCP35672/RNCP36928/RNCP37841;7673
RNCP35674;6168
RNCP35676/RNCP37828;6715
RNCP35678/RNCP38776;7350
RNCP35679/RNCP38107;8703
RNCP35680;6932
RNCP35681/RNCP36387/RNCP38833;11000
RNCP35682/RNCP36388/RNCP38836;9228
RNCP35685/RNCP39086;7772
RNCP35687;7700
RNCP35688/RNCP36568/RNCP39421;7702
RNCP35689;6932
RNCP35691/RNCP38732;7702
RNCP35692/RNCP38735;7981
RNCP35693/RNCP38736;7604
RNCP35694;7910
RNCP35695/RNCP39302;7650
RNCP35696;5705
RNCP35697;10538
RNCP35698;10419
RNCP35699;9124
RNCP35700/RNCP37897;6314
RNCP35704;9000
RNCP35706;8688
RNCP35712;7225
RNCP35713;6800
RNCP35714;7650
RNCP35715;6000
RNCP35717/RNCP39425;8668
RNCP35718/RNCP38067;6932
RNCP35719;8571
RNCP35720;9130
RNCP35721/RNCP36263/RNCP38755;7815
RNCP35723;6369
RNCP35726;7141
RNCP35727/RNCP39628;8654
RNCP35733;9000
RNCP35734/RNCP39726;7813
RNCP35735/RNCP39383;8500
RNCP35740/RNCP37058;8703
RNCP35741/RNCP38812;7813
RNCP35742/RNCP36487;7060
RNCP35743/RNCP38950;7868
RNCP35745/RNCP39612;7910
RNCP35746;7550
RNCP35747;7298
RNCP35748;11060
RNCP35749;6810
RNCP35750;8507
RNCP35751/RNCP39245;7960
RNCP35752;7223
RNCP35753;8094
RNCP35755;10449
RNCP35756/RNCP38824;6548
RNCP35757/RNCP38914;7602
RNCP35758/RNCP37633;5548
RNCP35759;8120
RNCP35760;6500
RNCP35766/RNCP37857;6644
RNCP35767;7896
RNCP35768/RNCP39241;8688
RNCP35770;7700
RNCP35771/RNCP37843;8407
RNCP35773/RNCP38022;7207
RNCP35775/RNCP39256;6103
RNCP35776/RNCP37641;7194
RNCP35777;9346
RNCP35778;11046
RNCP35779;7604
RNCP35780;8870
RNCP35781;9186
RNCP35782;8407
RNCP35783;8834
RNCP35784/RNCP39447;9300
RNCP35785/RNCP38734;8700
RNCP35786/RNCP39292;8407
RNCP35789;10400
RNCP35790/RNCP36552;8407
RNCP35791/RNCP36272;7702
RNCP35792/RNCP39911;7697
RNCP35793/RNCP36246/RNCP38756;7771
RNCP35795;9000
RNCP35796/RNCP37726;8100
RNCP35797;8500
RNCP35798;9000
RNCP35799;9160
RNCP35800;7403
RNCP35801;9059
RNCP35802;8000
RNCP35803;9306
RNCP35804;6944
RNCP35807;5775
RNCP35808;7800
RNCP35809;9015
RNCP35812;6330
RNCP35813/RNCP38846;9000
RNCP35814/RNCP38642;9182
RNCP35815/RNCP37885;7000
RNCP35816;9000
RNCP35817/RNCP38643;11110
RNCP35818;10650
RNCP35819;8466
RNCP35820;8360
RNCP35821;8156
RNCP35822;8000
RNCP35823;5950
RNCP35824;7565
RNCP35825;8200
RNCP35826;8096
RNCP35827;7470
RNCP35828;7486
RNCP35829;8883
RNCP35830;8856
RNCP35831;8750
RNCP35832;8100
RNCP35835;9908
RNCP35836;8781
RNCP35837/RNCP39531;9000
RNCP35839/RNCP37944;9000
RNCP35840;8868
RNCP35842/RNCP39571;8579
RNCP35843/RNCP39570;7200
RNCP35844;9000
RNCP35845;8243
RNCP35846;8132
RNCP35847/RNCP36327/RNCP38763;8045
RNCP35852/RNCP39150;8137
RNCP35853/RNCP36550;9341
RNCP35854/RNCP36320;8668
RNCP35855/RNCP39607;8104
RNCP35856/RNCP39249;6932
RNCP35857/RNCP39250;7702
RNCP35859/RNCP38004;8407
RNCP35860/RNCP39393;9975
RNCP35861;9010
RNCP35862;7702
RNCP35864;8668
RNCP35865/RNCP39252;7732
RNCP35866/RNCP38795;6092
RNCP35867/RNCP39204;9061
RNCP35869/RNCP39106;7301
RNCP35870/RNCP39230;8550
RNCP35871/RNCP37839;5023
RNCP35872;6379
RNCP35873/RNCP37817;7321
RNCP35874;10774
RNCP35876;8910
RNCP35878;5958
RNCP35881/RNCP38785;7785
RNCP35882/RNCP39889;5980
RNCP35883;5663
RNCP35884/RNCP37426;6794
RNCP35887;9000
RNCP35888;6577
RNCP35889;6140
RNCP35890/RNCP39374;9110
RNCP35892/RNCP39617;6750
RNCP35896/RNCP39860;7300
RNCP35897/RNCP37856;8792
RNCP35900/RNCP39149;8750
RNCP35901;7538
RNCP35902;7538
RNCP35903;7979
RNCP35904;8688
RNCP35905;8688
RNCP35906;7979
RNCP35907;7400
RNCP35908;7862
RNCP35909;7488
RNCP35910;8700
RNCP35911;8000
RNCP35912;7200
RNCP35913;8000
RNCP35914;9150
RNCP35915;8210
RNCP35916;8500
RNCP35917;8600
RNCP35918;8500
RNCP35919;7768
RNCP35920;8259
RNCP35921;7670
RNCP35922;8773
RNCP35923;6552
RNCP35924;6631
RNCP35925;8668
RNCP35926;9000
RNCP35927;10230
RNCP35928;8407
RNCP35929/RNCP37351/RNCP39309;6885
RNCP35930/RNCP36269;9500
RNCP35931/RNCP37973;7702
RNCP35932/RNCP38295;6809
RNCP35933/RNCP38102;7145
RNCP35934;6210
RNCP35935/RNCP38101;7145
RNCP35936/RNCP39538;6420
RNCP35937;9234
RNCP35938;7441
RNCP35939;10154
RNCP35941/RNCP36557/RNCP38323;7791
RNCP35942;7776
RNCP35943;7616
RNCP35944;7066
RNCP35945;7066
RNCP35946;7066
RNCP35947;6919
RNCP35948;6832
RNCP35949;7219
RNCP35950;7179
RNCP35951;7448
RNCP35952;7471
RNCP35953;7616
RNCP35954;7813
RNCP35955;7732
RNCP35957;7950
RNCP35958/RNCP39209;8305
RNCP35959;7281
RNCP35960;8316
RNCP35961;8295
RNCP35962;7906
RNCP35963;7838
RNCP35964;8265
RNCP35965/RNCP39613;7910
RNCP35966;7525
RNCP35967;6750
RNCP35968;8708
RNCP35969/RNCP38023;8000
RNCP35970;6952
RNCP35971;8850
RNCP35972;7066
RNCP35973;7762
RNCP35974;6570
RNCP35975;8668
RNCP35976/RNCP38038;8550
RNCP35977;8700
RNCP35978/RNCP37153;8086
RNCP35979;9535
RNCP35980/RNCP38506;5294
RNCP35983/RNCP38012;6844
RNCP35989;6844
RNCP35990;7900
RNCP35991;7808
RNCP35992;6512
RNCP35993/RNCP39539;7813
RNCP35996;8684
RNCP35997/RNCP38353;7702
RNCP35998;7542
RNCP35999;6888
RNCP36001/RNCP39709;7653
RNCP36002;6740
RNCP36003;8410
RNCP36004;7589
RNCP36005;5875
RNCP36006;6932
RNCP36008;7604
RNCP36009;8850
RNCP36010/RNCP38117;6636
RNCP36011/RNCP38018;7680
RNCP36012;7029
RNCP36013;6305
RNCP36014/RNCP39735;8120
RNCP36015;7771
RNCP36016;8668
RNCP36022/RNCP39743;8400
RNCP36024;8500
RNCP36025;8095
RNCP36026/RNCP39621;8011
RNCP36031;7232
RNCP36032;7614
RNCP36034;8100
RNCP36035;7653
RNCP36036/RNCP37901;9000
RNCP36037/RNCP39442;7702
RNCP36038/RNCP36324/RNCP38841;7702
RNCP36039;8688
RNCP36040;8998
RNCP36041;9310
RNCP36045;8661
RNCP36046;8752
RNCP36047;8428
RNCP36048;6677
RNCP36050;8500
RNCP36051;8950
RNCP36052;8099
RNCP36055;9227
RNCP36056/RNCP36350;8668
RNCP36057;9009
RNCP36059;8696
RNCP36060;9384
RNCP36061;7560
RNCP36065/RNCP38271;7645
RNCP36067/RNCP39877;10000
RNCP36068;7387
RNCP36069;7075
RNCP36071;8117
RNCP36072;9800
RNCP36074;8000
RNCP36077;5655
RNCP36081;8696
RNCP36084;6534
RNCP36087;8502
RNCP36088/RNCP38519;7923
RNCP36089/RNCP39867;8349
RNCP36093/RNCP38955;9000
RNCP36096;9597
RNCP36099;5890
RNCP36103;10268
RNCP36105;8396
RNCP36107;5840
RNCP36110;7923
RNCP36111/RNCP39427;8655
RNCP36113;8696
RNCP36114/RNCP37356/RNCP39129;9325
RNCP36115;8813
RNCP36116;8200
RNCP36117;7574
RNCP36118;9570
RNCP36119;9200
RNCP36120;9271
RNCP36122;9000
RNCP36125;8456
RNCP36126;6627
RNCP36127;11079
RNCP36129;8696
RNCP36132/RNCP39863;8696
RNCP36135/RNCP39783;7967
RNCP36137/RNCP39774;6500
RNCP36144/RNCP39610;7923
RNCP36148;7400
RNCP36151;8696
RNCP36158;8813
RNCP36160;9350
RNCP36162;11880
RNCP36163;7923
RNCP36167/RNCP38221;8855
RNCP36168;10434
RNCP36169;10769
RNCP36170;9099
RNCP36171;9099
RNCP36172/RNCP38215;11385
RNCP36173/RNCP39919;9760
RNCP36174;9356
RNCP36175/RNCP38670;8696
RNCP36192/RNCP39548;7923
RNCP36193/RNCP39549;7923
RNCP36196;8456
RNCP36197;7459
RNCP36200;10477
RNCP36211;9592
RNCP36212;7783
RNCP36213;8696
RNCP36214;8813
RNCP36215;7923
RNCP36216;7580
RNCP36218;8775
RNCP36219/RNCP38781;6830
RNCP36220;6977
RNCP36221;9477
RNCP36222;9435
RNCP36227/RNCP38610;10295
RNCP36229;9005
RNCP36234;12000
RNCP36235/RNCP39918;8794
RNCP36242;9400
RNCP36248;8828
RNCP36250;10200
RNCP36251;10200
RNCP36252;10200
RNCP36253/RNCP39323;9158
RNCP36255;7828
RNCP36261/RNCP37357/RNCP39126;9000
RNCP36267;12000
RNCP36270/RNCP38810;8264
RNCP36279/RNCP37769;8813
RNCP36289;8051
RNCP36293/RNCP38605;7190
RNCP36294/RNCP38604;7604
RNCP36296;6500
RNCP36297;7901
RNCP36300;8696
RNCP36306/RNCP39879;7900
RNCP36307;7967
RNCP36309;8607
RNCP36314/RNCP38094/RNCP39535;9000
RNCP36315/RNCP37355/RNCP39130;9341
RNCP36316/RNCP39550;8000
RNCP36317;10207
RNCP36322/RNCP39157;7923
RNCP36328;6692
RNCP36329/RNCP39920;9760
RNCP36336;9258
RNCP36340;10125
RNCP36342;6245
RNCP36343/RNCP39444;9760
RNCP36344;7710
RNCP36345/RNCP38220;9070
RNCP36348/RNCP39322;9760
RNCP36353;7800
RNCP36354;9000
RNCP36359;8810
RNCP36361;8765
RNCP36365;7860
RNCP36366;9107
RNCP36369;8907
RNCP36370;8255
RNCP36372;10065
RNCP36373;10065
RNCP36378;7923
RNCP3638;7587
RNCP36380;9842
RNCP36381;7200
RNCP36383/RNCP39091;7596
RNCP3639;7587
RNCP36391;8696
RNCP36394/RNCP39876;8983
RNCP36395;7200
RNCP36398;8813
RNCP3640;8000
RNCP36401;8151
RNCP36406;8502
RNCP36407;9013
RNCP36408;8502
RNCP3641;7689
RNCP36413/RNCP39337;8830
RNCP36414/RNCP39338;9384
RNCP36418;8696
RNCP36422;8692
RNCP36424;8794
RNCP36425;8620
RNCP36428;16209
RNCP36430;11774
RNCP36432/RNCP39429;9384
RNCP36433;7852
RNCP36434;8594
RNCP36435;6684
RNCP36436;9256
RNCP36438;5940
RNCP36439;9729
RNCP3644;9731
RNCP36440;8594
RNCP36441;9099
RNCP36442;8502
RNCP36447;8199
RNCP36448;8736
RNCP36450;7979
RNCP36455;8000
RNCP3646;7481
RNCP36461;8696
RNCP36464;10050
RNCP36465;8683
RNCP36466/RNCP39755;9475
RNCP36469;7901
RNCP36470;9000
RNCP36471;7923
RNCP3648;7700
RNCP36486;7739
RNCP36488;8396
RNCP36491;7200
RNCP36492;6824
RNCP36493;8794
RNCP36496;8502
RNCP36498/RNCP38949;6800
RNCP36505;8141
RNCP36507;8730
RNCP36513;8829
RNCP36515;8818
RNCP36517;7655
RNCP36518;10000
RNCP36519;10000
RNCP36521;8182
RNCP36522;8502
RNCP36523;8502
RNCP36531/RNCP39397;11901
RNCP36533;9475
RNCP36535;8855
RNCP36538;8928
RNCP36540;9666
RNCP36541;8788
RNCP36545/RNCP39658;9835
RNCP36546/RNCP39339;8935
RNCP36554/RNCP37709;7945
RNCP36556/RNCP39551;9329
RNCP36561;7923
RNCP36562;7923
RNCP36563/RNCP38753;7923
RNCP36566/RNCP39420;7923
RNCP36567;10500
RNCP36569/RNCP37361/RNCP39552;10415
RNCP36570/RNCP37359/RNCP39057;11290
RNCP36571/RNCP37951;8736
RNCP36576/RNCP38491;10625
RNCP36577;10537
RNCP36581;7945
RNCP36582;8736
RNCP36583;8692
RNCP36586;9384
RNCP36588;8764
RNCP36591;7967
RNCP36594;11901
RNCP36600/RNCP38480;11794
RNCP36601/RNCP38479;11794
RNCP36602;10000
RNCP36607;8775
RNCP36608;8909
RNCP36609;7663
RNCP36610;7663
RNCP36611;9350
RNCP36613/RNCP38807;7500
RNCP36629;8117
RNCP36632/RNCP39352;6830
RNCP36633;8932
RNCP36636;8696
RNCP36637;8775
RNCP36641;7967
RNCP36645;7923
RNCP36646;7923
RNCP36647;7987
RNCP36649;8000
RNCP36654;8461
RNCP36655;9900
RNCP36658/RNCP39229;8117
RNCP36664/RNCP39094;8696
RNCP36667/RNCP39211;8442
RNCP36670;10017
RNCP36672/RNCP39451;10115
RNCP36674/RNCP37358/RNCP39127;10500
RNCP36677;7650
RNCP36678;8794
RNCP36679;8696
RNCP36680;8696
RNCP36681/RNCP38733;8830
RNCP36689;9157
RNCP36690;8730
RNCP367/RNCP36838;8550
RNCP36701/RNCP39360;9881
RNCP36703/RNCP39632;8779
RNCP36704;7113
RNCP36707;5867
RNCP36716;8508
RNCP36719/RNCP39231;8006
RNCP36721;8594
RNCP36723/RNCP39577;10065
RNCP36725;10065
RNCP36726/RNCP37849;7321
RNCP36732;8696
RNCP36738;9157
RNCP36739;9050
RNCP36741;8696
RNCP36746;6472
RNCP36752;7000
RNCP36754;9000
RNCP36756;7923
RNCP36758;8696
RNCP36759;8000
RNCP36760;7714
RNCP36761;8696
RNCP36762;7990
RNCP36767;10875
RNCP36768;7714
RNCP36775;7395
RNCP36778;10533
RNCP36779;10480
RNCP36780;7923
RNCP36781;9047
RNCP36782;7760
RNCP36786;10200
RNCP36794/RNCP37360/RNCP39056;9970
RNCP36795;5360
RNCP36796;8177
RNCP36797;9688
RNCP36798;9260
RNCP36799;9260
RNCP36800;9260
RNCP36801;8750
RNCP36802;9260
RNCP36806;7923
RNCP36811/RNCP37352/RNCP39054;10115
RNCP36812/RNCP37578;8834
RNCP36816;8938
RNCP36820;8828
RNCP36821;8828
RNCP36822;10200
RNCP36823;8828
RNCP36824;10200
RNCP36825;10200
RNCP36826;10200
RNCP36827;9356
RNCP36828;9356
RNCP36829;9180
RNCP36830;10200
RNCP36831;10200
RNCP36832;9356
RNCP36836;8625
RNCP36837;8502
RNCP36841/RNCP39034;7757
RNCP36843;7676
RNCP36844/RNCP38056;9141
RNCP36846;8609
RNCP36848;10205
RNCP36849/RNCP39513;7600
RNCP36851;9000
RNCP36852/RNCP39254;8222
RNCP36854;9157
RNCP36855;9157
RNCP36856;8696
RNCP36858;6227
RNCP36860;8680
RNCP36864;8696
RNCP36883;9900
RNCP36885;9638
RNCP36886;9638
RNCP36887;6000
RNCP36894;8379
RNCP36902/RNCP38818;7107
RNCP36903;7945
RNCP36907/RNCP39391;7347
RNCP36908/RNCP39637;8832
RNCP36917;7531
RNCP36921;8894
RNCP36924;8909
RNCP36925;8594
RNCP36926;7923
RNCP36929;7541
RNCP36930;9250
RNCP36932;8456
RNCP36934;9094
RNCP36935;9980
RNCP36940;11000
RNCP36941;9446
RNCP36942;9475
RNCP36943;8134
RNCP36944;9436
RNCP36945;12000
RNCP36946;9475
RNCP36947;10439
RNCP36948;7923
RNCP36949;8135
RNCP36950;9860
RNCP36951;11610
RNCP36952;11610
RNCP36953;9648
RNCP36956;8828
RNCP36957;8828
RNCP36958;8828
RNCP36959;9356
RNCP36960;9356
RNCP36961;8615
RNCP36963;7923
RNCP36969;10207
RNCP36972;8328
RNCP36973;8828
RNCP36974;10200
RNCP36980;8696
RNCP36985;9475
RNCP36987;8696
RNCP36989;8502
RNCP36991;8722
RNCP36992;9003
RNCP36997/RNCP39635;8594
RNCP36999;8696
RNCP37003;9287
RNCP37005;7577
RNCP37007;6000
RNCP37011;8648
RNCP37025;7923
RNCP37026;10991
RNCP37027/RNCP39139;9180
RNCP37028/RNCP39138;9157
RNCP37029/RNCP37354/RNCP39131;9255
RNCP37030/RNCP39713;9000
RNCP37032/RNCP39712;8611
RNCP37035;7655
RNCP37048;9157
RNCP37057;8696
RNCP37061;8696
RNCP37062;9000
RNCP37063;9000
RNCP37067;6231
RNCP37074;10065
RNCP37076;8502
RNCP37078;8520
RNCP37081;9780
RNCP37084;8696
RNCP37085;6245
RNCP37086/RNCP39869;8456
RNCP37087;8696
RNCP37089;9475
RNCP37091;8696
RNCP37092;8502
RNCP37100;8805
RNCP37101;9359
RNCP37102;10585
RNCP37104;6440
RNCP37106;8828
RNCP37107;8828
RNCP37108;8828
RNCP37109;8828
RNCP37110;8828
RNCP37111;8828
RNCP37112;9356
RNCP37113;10200
RNCP37114;10200
RNCP37117/RNCP38325;9000
RNCP37124;7923
RNCP37129;7744
RNCP37130/RNCP39439;7923
RNCP37137;8779
RNCP37139;8143
RNCP37140;7454
RNCP37168;8793
RNCP37172;8813
RNCP37173;8696
RNCP37178;8520
RNCP37180/RNCP39888;9475
RNCP37187;5940
RNCP37190;8828
RNCP37191;8828
RNCP37192;8364
RNCP37193;8364
RNCP37202;9984
RNCP37203;9096
RNCP37204;8594
RNCP37205;8747
RNCP37206;6263
RNCP37207;8594
RNCP37208;8594
RNCP37209;8594
RNCP37210;8594
RNCP37211;8594
RNCP37212;8594
RNCP37213;8594
RNCP37214;8594
RNCP37215;8594
RNCP37216;10890
RNCP37217;8500
RNCP37218;9200
RNCP37219;10597
RNCP37220;10500
RNCP37221;19500
RNCP37222;9222
RNCP37223;9128
RNCP37224;10200
RNCP37225;9234
RNCP37226;8245
RNCP37228;12000
RNCP37230;8793
RNCP37231;9225
RNCP37237;8219
RNCP37249;7923
RNCP37271;8696
RNCP37280;8794
RNCP37286;7923
RNCP37288;10065
RNCP37289;8696
RNCP37293;11391
RNCP37301;7575
RNCP37302;10618
RNCP37309;9988
RNCP37318;10500
RNCP37319/RNCP39306;11494
RNCP37325;8829
RNCP37328;8951
RNCP37333;9475
RNCP37334;8416
RNCP37336;9988
RNCP37340;8951
RNCP37342/RNCP39236;8456
RNCP37346;9475
RNCP37347/RNCP39767;9475
RNCP37364;8829
RNCP37365;9356
RNCP37381;9139
RNCP37382;7168
RNCP37386;8600
RNCP37387;7168
RNCP37388;8829
RNCP37389;9817
RNCP37394;11235
RNCP37395;8166
RNCP37422;9157
RNCP37424;6820
RNCP37427;7168
RNCP37429;9475
RNCP37430;9524
RNCP37432;8951
RNCP37434;8951
RNCP37437;10100
RNCP37447;7165
RNCP37448;7168
RNCP37449;6820
RNCP37450;7095
RNCP37451;7165
RNCP37452;6820
RNCP37453;8951
RNCP37454;8456
RNCP37455;7838
RNCP37456;7168
RNCP37457;6820
RNCP37458;7800
RNCP37459;8416
RNCP37460;8416
RNCP37461;7165
RNCP37462;12000
RNCP37463;9013
RNCP37466;12000
RNCP37467;12000
RNCP37468/RNCP39002;11380
RNCP37470;8829
RNCP37471;9356
RNCP37472;9356
RNCP37473;9475
RNCP37475;10000
RNCP37477;7168
RNCP37478;8829
RNCP37479;8829
RNCP37480;8829
RNCP37481;9356
RNCP37482;10065
RNCP37488;7800
RNCP37489;9213
RNCP37490;9988
RNCP37496;9475
RNCP37497;9475
RNCP37498;9475
RNCP37499;9475
RNCP37500;9475
RNCP37504;9356
RNCP37505/RNCP39853;11380
RNCP37508;7165
RNCP37509;9017
RNCP37510;8810
RNCP37519;12000
RNCP37521;11429
RNCP37522;8951
RNCP37524;9157
RNCP37542/RNCP39267;12000
RNCP37543;11494
RNCP37544/RNCP39277;9157
RNCP37548;10065
RNCP37551;10205
RNCP37562;7958
RNCP37563;7958
RNCP37564;10358
RNCP37565;10756
RNCP37569;9988
RNCP37571;8829
RNCP37572;9475
RNCP37574/RNCP39298;10125
RNCP37575;8829
RNCP37576;8829
RNCP37577;9356
RNCP37579;10756
RNCP37580;12000
RNCP37595;10280
RNCP37599;8692
RNCP37600;11649
RNCP37605;10693
RNCP37613;9682
RNCP37621;9157
RNCP37623;10875
RNCP37624;9157
RNCP37638;9157
RNCP37642;8515
RNCP37646;9157
RNCP37647;9475
RNCP37648;9100
RNCP37649;10100
RNCP37653;9157
RNCP37658;9200
RNCP37659;7588
RNCP37661;9356
RNCP37667;10000
RNCP37673;9157
RNCP37690;10358
RNCP37691;9260
RNCP37692;9356
RNCP37693;8829
RNCP37694;9966
RNCP37695;9157
RNCP37697;12000
RNCP37700;7095
RNCP37701;7588
RNCP37702;12000
RNCP37708;9475
RNCP37711;9000
RNCP37712;9460
RNCP37713/RNCP39556;8692
RNCP37724;9174
RNCP37730;9013
RNCP37733;12000
RNCP37737;9013
RNCP37742;8989
RNCP37743;10756
RNCP37746;9157
RNCP37749;9017
RNCP37750;9157
RNCP37755;9966
RNCP37761;12000
RNCP37763;9157
RNCP37773;10358
RNCP37775;9200
RNCP37776;9157
RNCP37778;9475
RNCP37781;9157
RNCP37784;11391
RNCP37785;9157
RNCP37786;9475
RNCP37787;8692
RNCP37796;9200
RNCP37801;10076
RNCP37802;9475
RNCP37805;8456
RNCP37813;10065
RNCP37814;12000
RNCP37819;10345
RNCP37824;7680
RNCP37825;8692
RNCP37826;9017
RNCP37829;11429
RNCP37831;9500
RNCP37832;9157
RNCP37850;10756
RNCP37852;7958
RNCP37853;8456
RNCP37854;8456
RNCP37867;7168
RNCP37870;11494
RNCP37874;7588
RNCP37881;9157
RNCP37882;12000
RNCP37883;9157
RNCP37884;10065
RNCP37902;11649
RNCP37924;10932
RNCP37928;13795
RNCP37929;9157
RNCP37931;9475
RNCP37934;10756
RNCP37935;7168
RNCP37936;10065
RNCP37937;11644
RNCP37952;11649
RNCP37961;11494
RNCP37965;10804
RNCP37966/RNCP39035;8166
RNCP37967/RNCP39134;9139
RNCP37968;8692
RNCP37971;8692
RNCP37972;10065
RNCP37980;8515
RNCP37986;10000
RNCP37987;9475
RNCP37992;11079
RNCP37993;11494
RNCP37995;10100
RNCP38010;8829
RNCP38042;8692
RNCP38051;11429
RNCP38052;7168
RNCP38054;10246
RNCP38057;10205
RNCP38059;10756
RNCP38061;12000
RNCP38063;7168
RNCP38064;8829
RNCP38065;8829
RNCP38070;9475
RNCP38073;7958
RNCP38082;12000
RNCP38086;10076
RNCP38103;11494
RNCP38104;10205
RNCP38114;9157
RNCP38122;7168
RNCP38123;8692
RNCP38128;11229
RNCP38131;8692
RNCP38132;8515
RNCP38142;8829
RNCP38143;9475
RNCP38156;12000
RNCP38174;11380
RNCP38181;8161
RNCP38185;9587
RNCP38201;10065
RNCP38211;11649
RNCP38239;8951
RNCP38244;9475
RNCP38262;9157
RNCP38268;9475
RNCP38281;9157
RNCP38288;8951
RNCP38292;7168
RNCP38307;9017
RNCP38317/RNCP39033;8944
RNCP38331;7958
RNCP38347;10065
RNCP38369;9356
RNCP38372;9988
RNCP38399;6913
RNCP38417;9475
RNCP38418;9475
RNCP38420;12000
RNCP38434;9157
RNCP38438;8692
RNCP38447;7168
RNCP38449;9013
RNCP38457;9157
RNCP38463;9157
RNCP38464;11494
RNCP38475;8829
RNCP38476;8515
RNCP38477;9157
RNCP38481;12000
RNCP38487;9475
RNCP38492;8520
RNCP38495;7949
RNCP38503;9157
RNCP38507;7168
RNCP38513;7168
RNCP38521;8951
RNCP38522;10076
RNCP38523;12000
RNCP38524;7588
RNCP38537;11494
RNCP38538;10756
RNCP38545;11644
RNCP3856/RNCP37560;7635
RNCP38567;10779
RNCP38568;8837
RNCP38583;10065
RNCP38586;10065
RNCP38588;10065
RNCP38590;9157
RNCP38591;9157
RNCP38595;9157
RNCP38597;10065
RNCP38598;10065
RNCP38599;9157
RNCP38600;9157
RNCP38606;9475
RNCP38613;8692
RNCP38615;8692
RNCP38623;7168
RNCP38628;9800
RNCP38636;7165
RNCP38647;12000
RNCP3973;7455
RNCP3974;9731
RNCP3976;7569
RNCP3977;7420
RNCP3979;7441
RNCP3984;6865
RNCP3985;7813
RNCP3986;7700
RNCP399/RNCP37875;6335
RNCP4000;11046
RNCP4001;9047
RNCP4002;9047
RNCP4003;9047
RNCP4004;9047
RNCP4005;9047
RNCP403/RNCP37274;6300
RNCP4050;10660
RNCP406/RNCP36260/RNCP39891;6371
RNCP4082/RNCP39284;7500
RNCP4083/RNCP37567;8024
RNCP4098/RNCP37307;15166
RNCP4099/RNCP37308;9286
RNCP4105/RNCP39192;9254
RNCP4106;7200
RNCP4129/RNCP37978;9278
RNCP418;9923
RNCP4183/RNCP39893;9112
RNCP4192;7650
RNCP4203/RNCP39790;9760
RNCP421/RNCP38313;9698
RNCP4218/RNCP39805;10008
RNCP4220/RNCP39564;8702
RNCP423/RNCP38743;9071
RNCP4267;8407
RNCP4286;9000
RNCP4321/RNCP37979;9000
RNCP4345;10390
RNCP4348/RNCP36537/RNCP39340;10772
RNCP4354;10000
RNCP4360/RNCP36971;11447
RNCP4362;10355
RNCP4367;8625
RNCP4378;9350
RNCP4379;9883
RNCP4391;7560
RNCP4396;6794
RNCP4420/RNCP37385;7849
RNCP4423/RNCP38229;7893
RNCP4431/RNCP39806;7098
RNCP4432/RNCP38396/RNCP39514;8427
RNCP4463/RNCP37891;8220
RNCP4467/RNCP38321;8930
RNCP4490/RNCP36153;7568
RNCP4503/RNCP39680;6930
RNCP4505/RNCP39644;7371
RNCP4521;8595
RNCP453/RNCP37250;7831
RNCP4619;10700
RNCP4622;9137
RNCP4648/RNCP36335;7528
RNCP4649/RNCP36131/RNCP38442;4749
RNCP4658/RNCP37898;8094
RNCP4665;9671
RNCP4669/RNCP36454;10288
RNCP4687/RNCP38946;7592
RNCP4699/RNCP36412;7700
RNCP471;6962
RNCP472/RNCP36112;6439
RNCP4721;10175
RNCP4740/RNCP38126;6656
RNCP4750/RNCP38410;7690
RNCP4799;9070
RNCP4811;8788
RNCP4812/RNCP36542;8593
RNCP4826/RNCP37341;8583
RNCP4836;8473
RNCP4861/RNCP39924;10646
RNCP4862/RNCP39708;9186
RNCP4863;10200
RNCP4873/RNCP36686;9446
RNCP4888;7559
RNCP4891/RNCP39065;6465
RNCP4892/RNCP39068;6585
RNCP4895/RNCP39269;9582
RNCP4900/RNCP39930;9180
RNCP4910/RNCP39931;8771
RNCP4911/RNCP39828;8467
RNCP492/RNCP39643;7019
RNCP4923/RNCP38395;9047
RNCP4928/RNCP36640;6507
RNCP4933/RNCP37540;6028
RNCP4935/RNCP37601;5631
RNCP4936;8375
RNCP4937/RNCP37670;5456
RNCP4963/RNCP36240;8500
RNCP4964/RNCP36238;9580
RNCP4965/RNCP36236;8708
RNCP4984/RNCP36685;8780
RNCP500/RNCP37299;7344
RNCP501/RNCP36339;7779
RNCP503;12749
RNCP506;8094
RNCP508/RNCP38741;7315
RNCP509/RNCP38228;5816
RNCP513/RNCP38394;5179
RNCP514/RNCP39706;5738
RNCP520/RNCP39714;6908
RNCP5227/RNCP37383;8978
RNCP5287;7538
RNCP5291;13376
RNCP5293;7960
RNCP5297/RNCP36939;6367
RNCP5298;8088
RNCP530;7550
RNCP5301/RNCP37103;8530
RNCP531;6476
RNCP5316/RNCP38482;6216
RNCP532;7550
RNCP534/RNCP39649;7904
RNCP5365/RNCP37896;7650
RNCP5377/RNCP37894;11901
RNCP538/RNCP37532/RNCP38631;7174
RNCP5388/RNCP37745;8592
RNCP5400/RNCP36210;7187
RNCP5445/RNCP36224;7537
RNCP5446/RNCP36720/RNCP37759;7170
RNCP5481/RNCP36714;7751
RNCP5483/RNCP37940;6565
RNCP553/RNCP37366;6935
RNCP5534/RNCP38745;8753
RNCP557/RNCP39342;7925
RNCP558/RNCP36338;7173
RNCP562/RNCP36683;7190
RNCP5629/RNCP37945;8572
RNCP5632;7676
RNCP5638/RNCP37314;7412
RNCP5657;10353
RNCP566/RNCP39031;7550
RNCP567/RNCP37941;8142
RNCP570;5989
RNCP571/RNCP37242;7474
RNCP572/RNCP39703;6014
RNCP579;7596
RNCP5821;8502
RNCP5831/RNCP39067;7572
RNCP5832/RNCP39064;8193
RNCP5833;7144
RNCP584/RNCP37243;7831
RNCP5859/RNCP37913;8185
RNCP586/RNCP38633;6580
RNCP5860/RNCP37698;8222
RNCP5863/RNCP36805;6950
RNCP588/RNCP37534;7645
RNCP5881/RNCP37121;5471
RNCP5891/RNCP37317;8192
RNCP591/RNCP39699;8094
RNCP5919/RNCP37276;9450
RNCP5922/RNCP37444;7988
RNCP594;11165
RNCP595;8094
RNCP596;9740
RNCP603/RNCP37536;11959
RNCP604/RNCP37900/RNCP38712;8562
RNCP605;11594
RNCP6069;8502
RNCP617/RNCP39648;9124
RNCP619/RNCP38877;6339
RNCP620;8748
RNCP621;8061
RNCP622;8061
RNCP6226/RNCP37877;7161
RNCP625;8061
RNCP628;8094
RNCP631/RNCP39647;7970
RNCP632;7583
RNCP633;6328
RNCP636/RNCP37942;7200
RNCP637/RNCP39296;8366
RNCP640;8094
RNCP641;8771
RNCP642;8838
RNCP643;8094
RNCP644/RNCP37486;6169
RNCP645;7983
RNCP646/RNCP39491;7925
RNCP647/RNCP39711;6841
RNCP654/RNCP37487;7598
RNCP656/RNCP39516;9244
RNCP6561/RNCP38147;7221
RNCP6568/RNCP36205;7700
RNCP658;7983
RNCP6581/RNCP36888;8843
RNCP6601;7533
RNCP6602/RNCP36426;9937
RNCP6603;7563
RNCP667/RNCP39037;6000
RNCP671/RNCP38411;8726
RNCP6726;9910
RNCP673/RNCP36427;7944
RNCP676/RNCP37247;10600
RNCP677/RNCP37248;8008
RNCP679/RNCP37671;8112
RNCP680/RNCP36337;7875
RNCP681/RNCP37306;6223
RNCP6895/RNCP37316/RNCP38761;6404
RNCP6899;14031
RNCP6900/RNCP36049;6600
RNCP6911;7712
RNCP6926/RNCP37921;7525
RNCP6933/RNCP37159;7300
RNCP6981/RNCP37380;7496
RNCP6984/RNCP37379;7083
RNCP6993/RNCP37535;6153
RNCP6996;9000
RNCP701/RNCP37313;6300
RNCP7061/RNCP38301;5084
RNCP7067/RNCP37602;9890
RNCP7068/RNCP37908;9953
RNCP7069/RNCP37927;11223
RNCP7098;12273
RNCP7124/RNCP39162;9658
RNCP715;6050
RNCP718/RNCP37568;6172
RNCP723/RNCP39191;5928
RNCP730/RNCP37919;6402
RNCP7332;7596
RNCP736;8522
RNCP738/RNCP38711;7491
RNCP739;7831
RNCP740/RNCP37918;6759
RNCP742/RNCP37105;5196
RNCP7426/RNCP36625;7813
RNCP744/RNCP37920;6672
RNCP7481/RNCP37198;7343
RNCP751/RNCP39646;7338
RNCP7570/RNCP36938;7667
RNCP7580;7628
RNCP7585/RNCP38566;11000
RNCP7586/RNCP37699;10890
RNCP763/RNCP36191;8429
RNCP798/RNCP37556;8758
RNCP799/RNCP38838;11413
RNCP800/RNCP38714;9898
RNCP801/RNCP37552;8671
RNCP806;11484
RNCP809/RNCP38649;11040
RNCP811/RNCP37555;9990
RNCP814/RNCP37893;6224
RNCP819;13851
RNCP820;7960
RNCP821;9458
RNCP822;8703
RNCP823;8631
RNCP826;7700
RNCP827;7209
RNCP828;7700
RNCP829;7209
RNCP830;9781
RNCP832/RNCP36684;8389
RNCP836;10129
RNCP837;8538
RNCP838;11046
RNCP839;11046
RNCP840;8703
RNCP841;14031
RNCP842;8703
RNCP843;8538
RNCP844;8538
RNCP845;8538
RNCP850;8538
RNCP852;6570
RNCP853;6820
RNCP854;9109
RNCP862/RNCP36333;8122
RNCP865;4500
RNCP8711/RNCP38426;9000
RNCP8713/RNCP36850/RNCP37976;9000
RNCP879/RNCP38304;7200
RNCP880/RNCP36332;9450
RNCP8812/RNCP37099;5065
RNCP891/RNCP37303/RNCP38632;5944
RNCP8940/RNCP39923;10003
RNCP9034/RNCP38358;12000
RNCP9043;11910
RNCP9044/RNCP37687;12000
RNCP9045/RNCP37686;12000
RNCP9046/RNCP37685;12000
RNCP9073/RNCP36970;8730
RNCP9074/RNCP38882;8550
RNCP9083/RNCP36133;6867
RNCP9092/RNCP37632;8707
RNCP912;8114
RNCP9154/RNCP36334;10410
RNCP919;8174
RNCP9266;12000
RNCP9267;10757
RNCP9268;11000
RNCP9269;12000
RNCP9270;11500
RNCP9272/RNCP37727;12000
RNCP9273/RNCP37729;11000
RNCP9274;12000
RNCP9288;9746
RNCP9295/RNCP38456;6840
RNCP9426/RNCP39190;9009
RNCP953/RNCP38225;7535
RNCP955/RNCP39682;6643
RNCP956;7857
RNCP958/RNCP37566;8219
RNCP963;8313
RNCP964;10883
RNCP9648;8581
RNCP965/RNCP38227;6138
RNCP9655/RNCP36724/RNCP37760;7170
RNCP966/RNCP37236;8834
RNCP9673/RNCP37994;7000
RNCP968;6930
RNCP9685/RNCP38212;7675
RNCP969/RNCP37492;8503
RNCP972;6611
RNCP975/RNCP37559;9005
RNCP9757/RNCP36106;7000
RNCP9830/RNCP38490;9347
RNCP9873/RNCP39096;10030
RNCP9888/RNCP39804;12000
RNCP991/RNCP37311;10005
RNCP992/RNCP37493;9214
RNCP9989/RNCP39912;9000
RNCP11541/RNCP36149;8280
